Ajoy_Chakraborty/Ragamala/1_01_Mere_Maname_Baso_Ram_Abhiram_Puran_Ho_Sab_Kaam.mp3	950c9b6a-53e6-43e2-9339-82ba49ade152	Mere Maname Baso Ram Abhiram Puran Ho Sab Kaam	Ajoy Chakraborty	Ragamala
Ajoy_Chakraborty/Ragamala/1_02_Sur_Sur_Se_Sadh_Le_Rasika_Sabada_Salone_Laya_Tala_Surana.mp3	2e399218-6978-47ef-ad3f-c7eca6dad81b	Sur Sur Se Sadh Le Rasika Sabada Salone Laya Tala Surana	Ajoy Chakraborty	Ragamala
Ajoy_Chakraborty/Ragamala/1_04_Tori_Tirchi_Najaria_Ke_Baan_Karajwa_Mein_Laage.mp3	d0c5220e-7a69-4a35-93cf-ca4cd62a9461	Tori Tirchi Najaria Ke Baan Karajwa Mein Laage	Ajoy Chakraborty	Ragamala
Ajoy_Chakraborty/Ragamala/1_03_Bhavani_Dayani_Maha_Vakyavani.mp3	842df58e-b16f-4853-8201-dee522f45483	Bhavani Dayani Maha Vakyavani	Ajoy Chakraborty	Ragamala
Ajoy_Chakraborty/The_Genius_Of_Pt__Ajoy_Chakraborty/1_01_Raga___Ahir_Lalit.mp3	2a77cc28-88f7-415f-a099-d5efdbe7004b	Raga   Ahir Lalit	Ajoy Chakraborty	The Genius Of Pt. Ajoy Chakraborty
Ajoy_Chakraborty/The_Genius_Of_Pt__Ajoy_Chakraborty/1_02_Raga___Bilaskhani_Todi.mp3	d7510269-b26c-4735-a491-245f3c732a58	Raga   Bilaskhani Todi	Ajoy Chakraborty	The Genius Of Pt. Ajoy Chakraborty
Ajoy_Chakraborty/The_Genius_Of_Pt__Ajoy_Chakraborty/1_03_Raga___Bageshree.mp3	186b62f6-3073-4817-a075-439cad73305c	Raga   Bageshree	Ajoy Chakraborty	The Genius Of Pt. Ajoy Chakraborty
Ajoy_Chakraborty/The_Genius_Of_Pt__Ajoy_Chakraborty/2_01_Raga___Yaman.mp3	e59642ca-72bc-466b-bf4b-d82bfbc7b4af	Raga   Yaman	Ajoy Chakraborty	The Genius Of Pt. Ajoy Chakraborty
Ajoy_Chakraborty/The_Genius_Of_Pt__Ajoy_Chakraborty/2_02_Raga____Kalavati.mp3	88427a4b-e66e-4464-b422-f17dc460b1f3	Raga    Kalavati	Ajoy Chakraborty	The Genius Of Pt. Ajoy Chakraborty
Ajoy_Chakraborty/The_Genius_Of_Pt__Ajoy_Chakraborty/2_03_Raga___Adana.mp3	0da4c72a-4901-4d21-be5d-bf36647f0f8f	Raga   Adana	Ajoy Chakraborty	The Genius Of Pt. Ajoy Chakraborty
Ajoy_Chakraborty/The_Genius_Of_Pt__Ajoy_Chakraborty/2_04_Raga___Mishra_Mand.mp3	c25577bf-04d9-49a3-a5a6-b8876d112a93	Raga   Mishra Mand	Ajoy Chakraborty	The Genius Of Pt. Ajoy Chakraborty
Ajoy_Chakraborty/The_Genius_Of_Pt__Ajoy_Chakraborty/3_01_Raga___Jaunpuri.mp3	43d3cb6f-ac06-4cf7-8676-4b334e9f4606	Raga   Jaunpuri	Ajoy Chakraborty	The Genius Of Pt. Ajoy Chakraborty
Ajoy_Chakraborty/The_Genius_Of_Pt__Ajoy_Chakraborty/3_02_Mishra_Kafi_Thumri.mp3	0214f94c-31bc-4b71-bae5-0ade09325436	Mishra Kafi Thumri	Ajoy Chakraborty	The Genius Of Pt. Ajoy Chakraborty
Ajoy_Chakraborty/The_Genius_Of_Pt__Ajoy_Chakraborty/3_03_Mishra_Khamaj_Thumri.mp3	1a865291-0aa7-4226-a974-090516d73d14	Mishra Khamaj Thumri	Ajoy Chakraborty	The Genius Of Pt. Ajoy Chakraborty
Ajoy_Chakraborty/The_Genius_Of_Pt__Ajoy_Chakraborty/3_04_Desh_Thumri.mp3	01e58059-7957-4d18-bf5f-de6596351ee3	Desh Thumri	Ajoy Chakraborty	The Genius Of Pt. Ajoy Chakraborty
Ajoy_Chakraborty/The_Genius_Of_Pt__Ajoy_Chakraborty/3_05_Pilu_Dadra.mp3	d418313f-d6a1-4ad6-b2e0-70dbdfc3fcb1	Pilu Dadra	Ajoy Chakraborty	The Genius Of Pt. Ajoy Chakraborty
Ajoy_Chakraborty/The_Genius_Of_Pt__Ajoy_Chakraborty/3_06_Thumri_Sohoni.mp3	a329b78b-72c9-486a-9f3b-2eca25ee3a5e	Thumri Sohoni	Ajoy Chakraborty	The Genius Of Pt. Ajoy Chakraborty
Ajoy_Chakraborty/The_Genius_Of_Pt__Ajoy_Chakraborty/3_07_Mishra_Bhairavi_Dadra.mp3	fdf7f899-df26-49ce-ae17-e8e81074bbb9	Mishra Bhairavi Dadra	Ajoy Chakraborty	The Genius Of Pt. Ajoy Chakraborty
Bhimsen_Joshi/Shraddhanjali/2_03_Raga_Kalashree.mp3	a8b0d70f-4f08-40cd-b0c5-05926f0ba462	Raga Kalashree	Bhimsen Joshi	Shraddhanjali
Bhimsen_Joshi/Shraddhanjali/1_02_Raga_Lalit_Bhatiyar.mp3	57c47d41-e2e9-4ac5-a9de-496d4c491082	Raga Lalit Bhatiyar	Bhimsen Joshi	Shraddhanjali
Bhimsen_Joshi/Shraddhanjali/1_01_Raga_Komal_Rishabh_Asavari_Todi.mp3	5c0fec0a-094e-471b-aa83-1f8e6ee3d274	Raga Komal Rishabh Asavari Todi	Bhimsen Joshi	Shraddhanjali
Bhimsen_Joshi/Shraddhanjali/1_04_Raga_Pooriya.mp3	b89ad07e-cc96-429e-8197-fb86e06d7ad9	Raga Pooriya	Bhimsen Joshi	Shraddhanjali
Bhimsen_Joshi/Shraddhanjali/2_02_Raga_Marwashri.mp3	8296a249-801d-40ad-942b-91869978fcf2	Raga Marwashri	Bhimsen Joshi	Shraddhanjali
Bhimsen_Joshi/Shraddhanjali/3_05_Raga_Bhairavi.mp3	6f2ff6eb-92a4-4125-ad9b-f02cffd3d62a	Raga Bhairavi	Bhimsen Joshi	Shraddhanjali
Bhimsen_Joshi/Shraddhanjali/3_01_Raga_Lalat.mp3	d88f2c34-6f93-48b2-9910-e4a8a35aedbb	Raga Lalat	Bhimsen Joshi	Shraddhanjali
Bhimsen_Joshi/Shraddhanjali/2_01_Raga_Brindavani_Sarang.mp3	93168ebf-beb1-42b5-b67b-429f870ec6b2	Raga Brindavani Sarang	Bhimsen Joshi	Shraddhanjali
Bhimsen_Joshi/Shraddhanjali/3_03_Raga_Puriya_Dhanashri.mp3	62d572bc-f693-4378-b22c-03879b78ff0a	Raga Puriya Dhanashri	Bhimsen Joshi	Shraddhanjali
Bhimsen_Joshi/Shraddhanjali/2_04_Raga_Jogia.mp3	13ee516e-de20-4770-9643-86f4f1adf8fa	Raga Jogia	Bhimsen Joshi	Shraddhanjali
Bhimsen_Joshi/Shraddhanjali/1_03_Raga_Gaud_Sarang.mp3	fa61b3ec-f0cc-4ff8-9b8b-498f88d6cf6a	Raga Gaud Sarang	Bhimsen Joshi	Shraddhanjali
Bhimsen_Joshi/Shraddhanjali/3_02_Raga_Miyan_Ki_Todi.mp3	ad5409bc-fa5d-48ca-adf1-c753c2f53717	Raga Miyan Ki Todi	Bhimsen Joshi	Shraddhanjali
Bhimsen_Joshi/Shraddhanjali/3_04_Thumri_Taal_Dadra.mp3	63266e48-0a3c-4756-b2bf-eb2d20902eee	Thumri Taal Dadra	Bhimsen Joshi	Shraddhanjali
Bhimsen_Joshi/Classical_Wonders_Of_India/1_01_Raga_Shudh_Maaru.mp3	f0c0c995-012e-458a-baae-6c03ea7a598a	Raga Shudh Maaru	Bhimsen Joshi	Classical Wonders Of India
Bhimsen_Joshi/Classical_Wonders_Of_India/1_03_Raga_Basant.mp3	5b640af5-26f6-4a02-81e5-d28cd01e9149	Raga Basant	Bhimsen Joshi	Classical Wonders Of India
Bhimsen_Joshi/Classical_Wonders_Of_India/1_02_Raga_Saavani.mp3	b79929aa-6dc9-4bdb-bfb1-f0c40dcbf7ea	Raga Saavani	Bhimsen Joshi	Classical Wonders Of India
Bhimsen_Joshi/Swar_Shikhar/1_01_Raag_Marubihag.mp3	fe91ccb2-499a-4d99-be22-3fdde04ee9aa	Raag Marubihag	Bhimsen Joshi	Swar Shikhar
Bhimsen_Joshi/Swar_Shikhar/1_02_Thumri_-_Soch_Samajho_Nadan.mp3	828b222a-3dec-46cc-bc29-77513bee1ce4	Thumri - Soch Samajho Nadan	Bhimsen Joshi	Swar Shikhar
Bhimsen_Joshi/Swar_Shikhar/1_03_Bhajan_-_Jo_Bhaje_Hari_Ko_Sada.mp3	9032e2e7-be97-4fc7-9e5a-2dfac86584f3	Bhajan - Jo Bhaje Hari Ko Sada	Bhimsen Joshi	Swar Shikhar
Gundecha_Brothers/A_Tribute_To_Tansen/1_07_Raga_Bhairav_-_Saghan_Ban_Chhayo.mp3	8cd7367e-8ae9-4135-b4cd-1ed05b5c64b9	Raga Bhairav - Saghan Ban Chhayo	Gundecha Brothers	A Tribute To Tansen
Gundecha_Brothers/A_Tribute_To_Tansen/1_06_Raga_Suha_-_Shubh_Mahurat_Subh_Ghadi_Din.mp3	74a866cf-4ec7-47bb-817d-6d4d990951ec	Raga Suha - Shubh Mahurat Subh Ghadi Din	Gundecha Brothers	A Tribute To Tansen
Gundecha_Brothers/A_Tribute_To_Tansen/1_04_Raga_Gurjari_Todi_-_Tero_Bal_Pratap.mp3	6e922c43-cf72-46b2-9f40-efde24c5de13	Raga Gurjari Todi - Tero Bal Pratap	Gundecha Brothers	A Tribute To Tansen
Gundecha_Brothers/A_Tribute_To_Tansen/1_01_Raga_Malkauns_-_Poojan_Chali_Mahadev.mp3	9b01c16f-0e27-446b-b927-15a912b2f862	Raga Malkauns - Poojan Chali Mahadev	Gundecha Brothers	A Tribute To Tansen
Gundecha_Brothers/A_Tribute_To_Tansen/1_02_Raga_Bihag_-_Mahakaal_Mahadev.mp3	7344b268-741a-444f-81ed-f7c89fefe020	Raga Bihag - Mahakaal Mahadev	Gundecha Brothers	A Tribute To Tansen
Gundecha_Brothers/A_Tribute_To_Tansen/1_03_Raga_Madhmad_Sarang_-_Tum_Rab_Tum_Saheb_Tum_Hi_Kartar.mp3	e297ca60-88be-4beb-a5a4-3dc82dcee27e	Raga Madhmad Sarang - Tum Rab, Tum Saheb, Tum Hi Kartar	Gundecha Brothers	A Tribute To Tansen
Gundecha_Brothers/A_Tribute_To_Tansen/1_05_Raga_Megh_-_Prabal_Dal_Saaj_Jag.mp3	90901e54-9c37-476d-8a71-541725efa852	Raga Megh - Prabal Dal Saaj Jag	Gundecha Brothers	A Tribute To Tansen
Gundecha_Brothers/Ancestral_Voices/1_02_Raga_Yaman_-_Pratham_Shareer_Gyaan_Dhrupad_Chautaal.mp3	5e36d2fc-cddf-4fc2-b336-be537764dbd5	Raga Yaman - Pratham Shareer Gyaan, Dhrupad Chautaal	Gundecha Brothers	Ancestral Voices
Gundecha_Brothers/Ancestral_Voices/1_03_Raga_Charukeshi_-_Aalap.mp3	2a7fe6ba-5f03-4ee8-ac6d-31a050460a6a	Raga Charukeshi - Aalap	Gundecha Brothers	Ancestral Voices
Gundecha_Brothers/Ancestral_Voices/1_04_Raga_Charukeshi_-_Jheeni_Jheeni_Dhrupad_Sooltaal.mp3	960a3be4-d5b3-4247-8558-80c77c0925cd	Raga Charukeshi - Jheeni Jheeni, Dhrupad Sooltaal	Gundecha Brothers	Ancestral Voices
Gundecha_Brothers/Ancestral_Voices/1_01_Raga_Yaman_-_Aalap.mp3	a6da08dd-b799-44cf-885b-05ac547a7d28	Raga Yaman - Aalap	Gundecha Brothers	Ancestral Voices
Gundecha_Brothers/Dhrupad_-_Raga_Bhairava/1_01_Raga_Bhairava_-_Aalap.mp3	aecf336d-9866-47fb-96ef-60bac323ac08	Raga Bhairava - Aalap	Gundecha Brothers	Dhrupad - Raga Bhairava
Gundecha_Brothers/Dhrupad_-_Raga_Bhairava/1_02_Raga_Bhairava_In_Choutal.mp3	59c88c32-0bde-433b-b194-0f65281e5714	Raga Bhairava In Choutal	Gundecha Brothers	Dhrupad - Raga Bhairava
Gundecha_Brothers/Morning_Dew/1_01_Raga_Komal_Rishabh_Asawari_-_Alap.mp3	d4ab6d8c-38dc-4b84-8e2c-155ad523353b	Raga Komal Rishabh Asawari - Alap	Gundecha Brothers	Morning Dew
Gundecha_Brothers/Morning_Dew/1_02_Raga_Komal_Rishabh_Asawari_-_Dhamar.mp3	e454b311-5f6d-4f4c-a2ee-a5e8d1d24ea4	Raga Komal Rishabh Asawari - Dhamar	Gundecha Brothers	Morning Dew
Gundecha_Brothers/Morning_Dew/1_03_Raga_Komal_Rishabh_Asawari_-_Dhrupad__Sool_Fakhta_.mp3	67ecc12f-946a-458e-a0b9-5fd4d8b1410d	Raga Komal Rishabh Asawari - Dhrupad "Sool Fakhta"	Gundecha Brothers	Morning Dew
Hariprasad_Chaurasia/In_Concert/1_02_Raga__Vachaspati.mp3	af6e95d7-a65a-4c70-9087-40620212b1bc	Raga: Vachaspati	Hariprasad Chaurasia	In Concert
Hariprasad_Chaurasia/In_Concert/1_01_Raga__Miyan_ki_Malhar.mp3	6c2067f9-82df-4141-8c99-bacecf60b37f	Raga: Miyan ki Malhar	Hariprasad Chaurasia	In Concert
Kaushiki_Chakrabarty/Pure/1_02_Shyam_bhaee_Ghanashyam_nai_aye_more_dware.mp3	68ecc764-b0da-4919-affe-8a50d558cbbf	Raga Madhuvanti: Khayal 'Shyam bhaee, Ghanashyam nahi aye more dware' in Ektaal	Kaushiki Chakrabarty	Pure
Kaushiki_Chakrabarty/Pure/1_04_Morey_saiyan_bedardi.mp3	faf6650c-9bc7-443a-98cc-777fb8b4730a	Raga Madhuvanti: Thumri in Raga Misra Mand 'Morey Saiyan Bedardi' in Keherva	Kaushiki Chakrabarty	Pure
Kaushiki_Chakrabarty/Pure/1_01_Raga_Madhuvanti_Alap.mp3	c1aba7b7-cd7a-4e6c-90e7-798b617bfdc9	Raga Madhuvanti: Alap	Kaushiki Chakrabarty	Pure
Kaushiki_Chakrabarty/Pure/1_03_Kahe_maan_karo_sakhiri_ab.mp3	ff70a092-0893-4836-a2a2-7ea654d171c9	Raga Madhuvanti: Khayal "Kahe maan karo sakihiri ab' in Teental	Kaushiki Chakrabarty	Pure
Kaushiki_Desikan/Kaushiki/1_01_Maru_Bihag_-_Ratiya_Humari_-_Vilambit_Ektaal.mp3	80c94c75-4175-40ca-9f23-4e5a04f5e9cb	Maru Bihag - Ratiya Humari - Vilambit Ektaal	Kaushiki Desikan	Kaushiki
Kaushiki_Desikan/Kaushiki/1_02_Tarapa_Tarapa_-_Drut_Ektaal.mp3	932be692-9ff8-4fe1-8546-b92b2d3db696	Tarapa Tarapa - Drut Ektaal	Kaushiki Desikan	Kaushiki
Kaushiki_Desikan/Kaushiki/1_03_Yaman_-_Ode_Ne_Te_-_Kalyani_-_Tadara_Dani.mp3	59ccc29e-d179-4439-b523-1a269443594e	Yaman - Ode Ne Te - Kalyani - Tadara Dani	Kaushiki Desikan	Kaushiki
Kumar_Gandharva/Raga_Bhairav_Ke_Prakaar/1_01_Rag_Bhairav_(Jhaptal).mp3	3abaaa52-4c95-4e8b-beda-37bc3d01f763	Rag Bhairav (Jhaptal)	Kumar Gandharva	Raga Bhairav Ke Prakaar
Kumar_Gandharva/Raga_Bhairav_Ke_Prakaar/1_03_Rag_Ahir_Bhairav_(Teental).mp3	9a6fc3fb-6434-4216-91a6-b4c16406482b	Rag Ahir Bhairav (Teental)	Kumar Gandharva	Raga Bhairav Ke Prakaar
Kumar_Gandharva/Raga_Bhairav_Ke_Prakaar/1_02_Rag_Bhavmat_Bhairav_(Teental).mp3	35d79f11-0fe5-43ff-97ed-626e2433117f	Rag Bhavmat Bhairav (Teental)	Kumar Gandharva	Raga Bhairav Ke Prakaar
Kumar_Gandharva/Raga_Bhairav_Ke_Prakaar/1_04_Rag_Beehad_Bhairav.mp3	ec4fa3a8-4e61-4170-a452-b006c58842b7	Rag Beehad Bhairav	Kumar Gandharva	Raga Bhairav Ke Prakaar
Kumar_Gandharva/Raga_Bhairav_Ke_Prakaar/1_06_Bhajan_(Kaharva).mp3	a8f47b67-7e60-4941-95ff-da9f2969246d	Bhajan (Kaharva)	Kumar Gandharva	Raga Bhairav Ke Prakaar
Kumar_Gandharva/Raga_Bhairav_Ke_Prakaar/1_05_Rag_Gunakari_(Teental).mp3	194d852d-5c1e-475d-8370-a5915d422d2a	Rag Gunakari (Teental)	Kumar Gandharva	Raga Bhairav Ke Prakaar
Niladri_Kumar/Dharohar/1_01_Raga_BilaskhaniTodi_Alaap_Jor.mp3	27bb2f64-4641-4657-82db-3cc5c9fc9086	Raga Bilaskhani,Todi Alaap, Jor	Niladri Kumar	Dharohar
Niladri_Kumar/Dharohar/1_03_Raga_Bhairavi_Dhun_Punjabi_Kehar.mp3	38aa7ce5-4767-4474-86c5-912e8896d993	Raga Bhairavi, Dhun Punjabi Kehar	Niladri Kumar	Dharohar
Niladri_Kumar/Dharohar/1_02_Raga_Mishra_Pilu_Bandish_Rupak_Tala.mp3	f46dc7a1-d679-4b6c-b769-0f1a7b429126	Raga Mishra Pilu, Bandish, Rupak Tala	Niladri Kumar	Dharohar
Pandit_Dinkar_Kaikini/A_Charming_Musical_Bouquet_By_Pandit_Dinkar_Kaikini/1_03_Haan_Re_Chunariya.mp3	05d16989-65b7-47ae-b05d-72dc47077366	Haan Re Chunariya	Pandit Dinkar Kaikini	A Charming Musical Bouquet By Pandit Dinkar Kaikini
Pandit_Dinkar_Kaikini/A_Charming_Musical_Bouquet_By_Pandit_Dinkar_Kaikini/1_01_He_Mana_Kaise_Gavoon.mp3	ee2a7e27-f0f4-49a8-b882-169397b3cca8	He Mana Kaise Gavoon	Pandit Dinkar Kaikini	A Charming Musical Bouquet By Pandit Dinkar Kaikini
Pandit_Dinkar_Kaikini/A_Charming_Musical_Bouquet_By_Pandit_Dinkar_Kaikini/1_02_Matware_Aaj_Hun.mp3	49d1020d-4f8b-45ec-abf0-f4bc07758f36	Matware Aaj Hun	Pandit Dinkar Kaikini	A Charming Musical Bouquet By Pandit Dinkar Kaikini
Pandit_Dinkar_Kaikini/A_Charming_Musical_Bouquet_By_Pandit_Dinkar_Kaikini/1_05_Shyam_Sundar_Nachat.mp3	37dc3309-874b-443a-a773-7ea069e74cb1	Shyam Sundar Nachat	Pandit Dinkar Kaikini	A Charming Musical Bouquet By Pandit Dinkar Kaikini
Pandit_Dinkar_Kaikini/A_Charming_Musical_Bouquet_By_Pandit_Dinkar_Kaikini/1_04_Mori_Tori_Preet.mp3	eae60e68-7163-4712-88d4-f8fcccb5ad3e	Mori Tori Preet	Pandit Dinkar Kaikini	A Charming Musical Bouquet By Pandit Dinkar Kaikini
Pandit_Jasraj/Khazana/1_01_Raag_Marwa.mp3	344dca74-fb8a-4c7e-a7e6-0a52088edd71	Raga Marwa	Pandit Jasraj	Khazana
Pandit_Jasraj/Rich_Heritage/1_01_Raga_Kaushik_Kanada.mp3	0030fdf2-ddfc-4224-986b-887c047354a0	Raga Kaushik Kanada	Pandit Jasraj	Rich Heritage
Pandit_Jasraj/Rich_Heritage/1_02_Raga_Adana.mp3	bce22707-3ce2-4810-948f-c55b795abe27	Raga Adana	Pandit Jasraj	Rich Heritage
Pandit_Jasraj/A_Day_With_Pandit_Jasraj/1_02_Raga_Madhuvanti.mp3	211c010f-7ae5-4ca6-a909-f10afed265c5	Raga Madhuvanti	Pandit Jasraj	A Day With Pandit Jasraj
Pandit_Jasraj/A_Day_With_Pandit_Jasraj/1_01_Raga_Ahir_Bhairav.mp3	cbcba04b-023b-40e0-a5e8-04260ad3efdd	Raga Ahir Bhairav	Pandit Jasraj	A Day With Pandit Jasraj
Pandit_Jasraj/A_Day_With_Pandit_Jasraj/1_03_Bhajan_Sindh_Bhairavi.mp3	535fbd38-a184-4d19-b777-e3ab6e1d9db6	Bhajan Sindh Bhairavi	Pandit Jasraj	A Day With Pandit Jasraj
Rajan_&_Sajan_Mishra/Sangeet_Sartaj/1_01_Raga_Lalit.mp3	d44c1914-b3ee-4948-af86-d07fde13c1b4	Raga Lalit	Rajan Mishra & Sajan Mishra	Sangeet Sartaj
Rajan_&_Sajan_Mishra/Sangeet_Sartaj/2_02_Raga_Durga.mp3	e4c855f9-a2df-4ba9-b06f-34b714d7aa31	Raga Durga	Rajan Mishra & Sajan Mishra	Sangeet Sartaj
Rajan_&_Sajan_Mishra/Sangeet_Sartaj/2_03_Raga_Jaijaiwanti.mp3	9c017a70-3bd2-438b-8ada-e9ab82e40089	Raga Jaijaiwanti	Rajan Mishra & Sajan Mishra	Sangeet Sartaj
Rajan_&_Sajan_Mishra/Sangeet_Sartaj/2_01_Raga_Multani.mp3	1e869eb8-9604-458d-8dbe-05980a4b6214	Raga Multani	Rajan Mishra & Sajan Mishra	Sangeet Sartaj
Rajan_&_Sajan_Mishra/Sangeet_Sartaj/1_02_Raga_Pooriya.mp3	05d50386-d558-4d57-a000-ecf57a24fc55	Raga Pooriya	Rajan Mishra & Sajan Mishra	Sangeet Sartaj
Rajan_&_Sajan_Mishra/Classical_Wonders_of_India/1_01_Raga_Gaud_Malhar.mp3	acf065cc-7a66-4f9d-9eb9-3a86b35fa447	Raga Gaud Malhar	Rajan Mishra &Sajan Mishra	Classical Wonders of India
Ravi_Shankar/The_Ravi_Shankar_Collection__A_Morning_Raga___An_Evening_Raga/1_02_Raga_Mishra_Piloo.mp3	6947a381-b668-4e10-a6ac-4e72d4af0a8f	Raga Mishra Piloo	Ravi Shankar	The Ravi Shankar Collection: A Morning Raga / An Evening Raga
Ravi_Shankar/The_Ravi_Shankar_Collection__A_Morning_Raga___An_Evening_Raga/1_01_Raga_Nata_Bhairav.mp3	4e9b3d2c-78e1-48b7-ad97-fc8a7f49cd72	Raga Nata Bhairav	Ravi Shankar	The Ravi Shankar Collection: A Morning Raga / An Evening Raga
Sanjeev_Abhyankar/Khayal/1_02_Raga_Megh_Malhar.mp3	2e6749b2-1770-4468-9db0-6e983190bf9d	Raga Megh Malhar	Sanjeev Abhyankar	Khayal
Sanjeev_Abhyankar/Khayal/1_01_Raga_Maru_Bihag.mp3	7199a72c-c660-40dc-8cb9-bc941ae4e8a2	Raga Maru Bihag	Sanjeev Abhyankar	Khayal
Sanjeev_Abhyankar/Khayal/1_03_Raga_Ramdasi_Malhar.mp3	35bd5102-d3bc-48da-a384-00848130aa72	Raga Ramdasi Malhar	Sanjeev Abhyankar	Khayal
Sanjeev_Abhyankar/Soaring_Heights/1_01_Raga__Lalat.mp3	c0333b05-4593-4618-b00c-9c363c0e4b09	Raga: Lalat	Sanjeev Abhyankar	Soaring Heights
Sanjeev_Abhyankar/Soaring_Heights/1_02_Raga__Gujari_Todi.mp3	e8eee364-ca1d-4efc-8083-374c3ff853c7	Raga: Gujari Todi	Sanjeev Abhyankar	Soaring Heights
Sarvar_Sabri,_Suhail_Yusuf_Khan,_Ustad_Sabri_Khan_&_Kamal_Sabri/The_Generations_Series_-_The_Sabri_Family/1_02_Raag_Mian_Ki_Mahlhar.mp3	a5aadd9b-66a3-411c-8d86-ba35f5b4804f	Raag Mian Ki Mahlhar	Sarvar Sabri, Suhail Yusuf Khan & Kamal Sabri	The Generations Series - The Sabri Family
Sarvar_Sabri,_Suhail_Yusuf_Khan,_Ustad_Sabri_Khan_&_Kamal_Sabri/The_Generations_Series_-_The_Sabri_Family/1_04_Raag_Adana.mp3	00d66bdd-73b3-4a89-9786-02051eae6dcf	Raag Adana	Sarvar Sabri, Suhail Yusuf Khan & Kamal Sabri	The Generations Series - The Sabri Family
Sarvar_Sabri,_Suhail_Yusuf_Khan,_Ustad_Sabri_Khan_&_Kamal_Sabri/The_Generations_Series_-_The_Sabri_Family/1_03_Tabla_Sol_Shikhar_Tala.mp3	28ded48c-2cae-4932-b7dc-d626612eb5a5	Tabla Sol Shikhar Tala	Sarvar Sabri & Kamal Sabri	The Generations Series - The Sabri Family
Sarvar_Sabri,_Suhail_Yusuf_Khan,_Ustad_Sabri_Khan_&_Kamal_Sabri/The_Generations_Series_-_The_Sabri_Family/1_05_Raag_Pancham.mp3	fd8bdba9-0012-43db-8b2c-3362fba22078	Raag Pancham	Sarvar Sabri & Ustad Sabri Khan	The Generations Series - The Sabri Family
Sarvar_Sabri,_Suhail_Yusuf_Khan,_Ustad_Sabri_Khan_&_Kamal_Sabri/The_Generations_Series_-_The_Sabri_Family/1_01_Raag_Megh.mp3	7f303a17-e809-400d-b677-509de566c377	Raag Megh	Sarvar Sabri , Suhail Yusuf Khan , Ustad Sabri Khan & Kamal Sabri	The Generations Series - The Sabri Family
Shivkumar_Sharma,_Rahul_Sharma_&_Zakir_Hussain/Santoor_Virasat/1_01_Raga_Hansadhwani_Savari_Tal.mp3	af89b6bd-3383-47db-a012-357ac813fffb	Raga Hansadhwani Savari Tal	Pandit Shivkumar Sharma,Rahul Sharma & Ustad Zakir Hussain	Santoor Virasat
Shivkumar_Sharma,_Rahul_Sharma_&_Zakir_Hussain/Santoor_Virasat/1_02_Raga_Hansadhwani_Drut_Ek_Tal.mp3	3978bba4-6c42-46b1-a9ab-0b35c224ffe5	Raga Hansadhwani Drut Ek Tal	Pandit Shivkumar Sharma,Rahul Sharma & Ustad Zakir Hussain	Santoor Virasat
Sultan_Khan_&_Kamal_Sabri/Hum_Kalaam_-_Face_To_Face/1_01_Raga_Maru_Bihag.mp3	cfc8da94-ffb0-4d1b-bb5c-3572ef954d7e	Raga Maru Bihag	Sultan Khan & Kamal Sabri	Hum Kalaam - Face To Face
Sultan_Khan_&_Kamal_Sabri/Hum_Kalaam_-_Face_To_Face/1_02_Bhajan_(Mharo_Pranam).mp3	427e07c4-c9e7-49c7-bbef-eda84462c99b	Bhajan (Mharo Pranam)	Sultan Khan & Kamal Sabri	Hum Kalaam - Face To Face
Ustad_Nasir_Zahiruddin_Dagar_and_Ustad_Nasir_Faiyazuddin_Dagar/Dagar_Bani_-_Dhrupad_Voices/1_01_Raga_Lalit_-_Alap.mp3	83ea606c-3dc1-40b2-b99c-adcb722d25be	Raga Lalit - Alap	Ustad Nasir Zahiruddin Dagar & Ustad Nasir Faiyazuddin Dagar	Dagar Bani - Dhrupad Voices
Ustad_Nasir_Zahiruddin_Dagar_and_Ustad_Nasir_Faiyazuddin_Dagar/Dagar_Bani_-_Dhrupad_Voices/1_03_Raga_Sohini_-_Alap_And_Composition_In_Chautaal.mp3	9a6c50a7-2b7a-45b5-bad0-a7b2dd3e0169	Raga Sohini - Alap And Composition In Chautaal	Ustad Nasir Zahiruddin Dagar & Ustad Nasir Faiyazuddin Dagar	Dagar Bani - Dhrupad Voices
Ustad_Nasir_Zahiruddin_Dagar_and_Ustad_Nasir_Faiyazuddin_Dagar/Dagar_Bani_-_Dhrupad_Voices/1_02_Raga_Lalit_-_Composition_And_Layakari_In_Chautaal.mp3	4e1209fd-eb99-4481-b292-3fc2d806b64f	Raga Lalit - Composition And Layakari In Chautaal	Ustad Nasir Zahiruddin Dagar & Ustad Nasir Faiyazuddin Dagar	Dagar Bani - Dhrupad Voices
Veena_Sahasrabuddhe/Khayal/1_01_Raga_Marubihag.mp3	22e45ddb-9b88-406e-996a-2136730d72d4	Raga Marubihag	Veena Sahasrabuddhe	Khayal
Veena_Sahasrabuddhe/Khayal/1_02_Raga_Natbhairav.mp3	0481f568-f9f9-4b9d-9f03-d82cb9ccbf3c	Raga Natbhairav	Veena Sahasrabuddhe	Khayal
Buddhadev_Das_Gupta/Raga_Jaijaivanti,_Raga_Kedar,_Raga_Gorakh_Kalyan/1_04_Raga_Kedar_Alap.mp3	163b57a9-cd4b-40de-aae8-d3a00dd14eb0	Raga Kedar Alap	Buddhadev Das Gupta	Raga Jaijaivanti, Raga Kedar, Raga Gorakh Kalyan
Buddhadev_Das_Gupta/Raga_Jaijaivanti,_Raga_Kedar,_Raga_Gorakh_Kalyan/1_08_Raga_Gorakh_Kalyan_Fast_Gat_in_Tintala.mp3	f9c605ee-cf98-4bea-8545-1c45e8d5cef0	Raga Gorakh Kalyan Fast Gat in Tintala	Buddhadev Das Gupta	Raga Jaijaivanti, Raga Kedar, Raga Gorakh Kalyan
Buddhadev_Das_Gupta/Raga_Jaijaivanti,_Raga_Kedar,_Raga_Gorakh_Kalyan/1_03_Raga_Jaijaivanti_Fast_Gat_in_Tintala.mp3	aabd58b6-62af-42e3-8e84-d246a22a5998	Raga Jaijaivanti Fast Gat in Tintala	Buddhadev Das Gupta	Raga Jaijaivanti, Raga Kedar, Raga Gorakh Kalyan
Buddhadev_Das_Gupta/Raga_Jaijaivanti,_Raga_Kedar,_Raga_Gorakh_Kalyan/1_05_Raga_Kedar_Medium_Gat_in_Dhammar_Tala.mp3	db4def24-8162-47e9-81ab-b105fc83bf18	Raga Kedar Medium Gat in Dhammar Tala	Buddhadev Das Gupta	Raga Jaijaivanti, Raga Kedar, Raga Gorakh Kalyan
Buddhadev_Das_Gupta/Raga_Jaijaivanti,_Raga_Kedar,_Raga_Gorakh_Kalyan/1_02_Raga_Jaijaivanti_Slow_Gat_in_Tintala.mp3	fcdeaebd-5b1a-4dfe-9dcc-103928226ba2	Raga Jaijaivanti Slow Gat in Tintala	Buddhadev Das Gupta	Raga Jaijaivanti, Raga Kedar, Raga Gorakh Kalyan
Buddhadev_Das_Gupta/Raga_Jaijaivanti,_Raga_Kedar,_Raga_Gorakh_Kalyan/1_06_Raga_Kedar_Fast_Gat_in_Tintala.mp3	90b8c966-331f-47f6-855d-a414f7eec280	Raga Kedar Fast Gat in Tintala	Buddhadev Das Gupta	Raga Jaijaivanti, Raga Kedar, Raga Gorakh Kalyan
Buddhadev_Das_Gupta/Raga_Jaijaivanti,_Raga_Kedar,_Raga_Gorakh_Kalyan/1_01_Raga_Jaijaivanti_Alap_Jor_Jhala.mp3	0ef63a9f-d7dc-450a-9ae3-86fc01dbc3d7	Raga Jaijaivanti Alap Jor Jhala	Buddhadev Das Gupta	Raga Jaijaivanti, Raga Kedar, Raga Gorakh Kalyan
Buddhadev_Das_Gupta/Raga_Jaijaivanti,_Raga_Kedar,_Raga_Gorakh_Kalyan/1_07_Raga_Gorakh_Kalyan_Alap.mp3	f0e08432-6bee-4f88-bddf-b00c8d2d1698	Raga Gorakh Kalyan Alap	Buddhadev Das Gupta	Raga Jaijaivanti, Raga Kedar, Raga Gorakh Kalyan
Baluji_Shrivastav/The_Art_of_the_Indian_Dilruba/1_02_Raga_Dhani.mp3	7b3bb9da-61c4-4589-bef3-c10209a3c1f1	Raga Dhani	Baluji Shrivastav	The Art of the Indian Dilruba
Baluji_Shrivastav/The_Art_of_the_Indian_Dilruba/1_01_Raga_Ahiri_Todi.mp3	90c3b772-189c-411e-aea5-a7c6ee9748a7	Raga Ahiri Todi	Baluji Shrivastav	The Art of the Indian Dilruba
Baluji_Shrivastav/The_Art_of_the_Indian_Dilruba/1_04_Raga_Sampurna_Malkauns.mp3	84f6377d-242c-41fb-a1f3-3e00274b92f1	Raga Sampurna Malkauns	Baluji Shrivastav	The Art of the Indian Dilruba
Baluji_Shrivastav/The_Art_of_the_Indian_Dilruba/1_03_Raga_Shyam_Kalyan.mp3	c1818aaf-9991-4d1e-86b0-65f2d21930da	Raga Shyam Kalyan	Baluji Shrivastav	The Art of the Indian Dilruba
Baluji_Shrivastav/The_Art_of_the_Indian_Dilruba/1_05_Raga_Bhairavi_Dhun.mp3	601e31d0-4d37-4113-9ca2-ac63ca47e87a	Raga Bhairavi Dhun	Baluji Shrivastav	The Art of the Indian Dilruba
Girija_Devi/Classical_Encounter/1_02_Mana_Ram_Naam_Ko_Sumiran_Kar_-_Khayal_Drut_In_Teental.mp3	930ae825-111c-4dd5-b8be-de609fd5202d	Mana Ram Naam Ko Sumiran Kar - Khayal Drut In Teental	Girija Devi	Classical Encounter
Girija_Devi/Classical_Encounter/1_03_Jovovahin_Tum_Shyam_-_Thumri_Khamaj.mp3	d39c9b50-a0ee-4d93-8fd9-d8375b0e236a	Jovovahin Tum Shyam - Thumri Khamaj	Girija Devi	Classical Encounter
Girija_Devi/Classical_Encounter/1_01_Ali_Meri_Kaun_Sune_-_Khayal_Vilambhit_In_Ektal.mp3	00f54612-09f6-4528-91f1-95e5ef191c1b	Ali Meri Kaun Sune - Khayal Vilambhit In Ektal	Girija Devi	Classical Encounter
Girija_Devi/Diva/1_01_Raag_Jog_-_Khayal.mp3	59ebf93e-fb88-4ac1-b400-000ffbc7ae3d	Raag Jog - Khayal	Girija Devi	Diva
Girija_Devi/Diva/1_02_Mishra_Des_-_Thumri.mp3	5d6f5a58-9f1e-4be8-b1d4-2156c13c3fb4	Mishra Des - Thumri	Girija Devi	Diva
Girija_Devi/Immortal_Series__Girija_Devi_(Vol__3)/1_01_Raga_Dev_Gandhar.mp3	0b9e4b91-574a-4d30-9388-64096a8330ab	Raga Dev Gandhar	Girija Devi	Immortal Series: Girija Devi (Vol. 3)
Girija_Devi/Immortal_Series__Girija_Devi_(Vol__3)/1_02_Thumri_Bhairavi.mp3	80c6ab54-7157-497f-a3a9-062e387b2d22	Thumri Bhairavi	Girija Devi	Immortal Series: Girija Devi (Vol. 3)
Girija_Devi/Immortal_Series__Girija_Devi_(Vol__3)/1_03_Kajari_-_Rum_Jhum_Ke_Barsan_Lagi.mp3	54f9ffce-c3ad-436f-ba18-4586a51198c9	Kajari - Rum Jhum Ke Barsan Lagi	Girija Devi	Immortal Series: Girija Devi (Vol. 3)
Girija_Devi/Immortal_Series__Girija_Devi_(Vol__3)/1_04_Kajari_-_Saawan_Jhar_Lagi.mp3	40fa6186-6153-4340-9e73-00a4cb1fbb01	Kajari - Saawan Jhar Lagi	Girija Devi	Immortal Series: Girija Devi (Vol. 3)
Girija_Devi/The_Genius_of_Girija_Devi/1_01_Thumri_Khamaj.mp3	36d0ccde-ac97-4d6a-b755-ec4a5340e3bd	Thumri Khamaj	Girija Devi	The Genius of Girija Devi
Girija_Devi/The_Genius_of_Girija_Devi/1_02_Thumri_Mishra_Tilak_Kamod.mp3	8cc9598a-6c04-4a8d-a497-ac2ddc83856c	Thumri Mishra Tilak Kamod	Girija Devi	The Genius of Girija Devi
Girija_Devi/The_Genius_of_Girija_Devi/1_03_Thumri_Mishra_Tilang.mp3	2992b33f-3e32-423f-a5c8-59455b8fea57	Thumri Mishra Tilang	Girija Devi	The Genius of Girija Devi
Girija_Devi/The_Genius_of_Girija_Devi/1_04_Khel_Rahe_Rang_Hori.mp3	f4e969a2-e64d-49e1-aaeb-6b557c7e7517	Khel Rahe Rang Hori	Girija Devi	The Genius of Girija Devi
Girija_Devi/The_Genius_of_Girija_Devi/1_05_Sovat_Nindiya_Jagaye.mp3	2752e263-a86a-4ec7-bb18-c81b5ffbf6e9	Sovat Nindiya Jagaye	Girija Devi	The Genius of Girija Devi
Girija_Devi/The_Genius_of_Girija_Devi/1_06_Barsan_Lagi_Badariya.mp3	8d60c149-9a08-4f79-a574-61403ea93f83	Barsan Lagi Badariya	Girija Devi	The Genius of Girija Devi
Girija_Devi/The_Genius_of_Girija_Devi/1_07_Diwana_Kiye_Sham.mp3	5c2134b5-99ef-4dab-8626-004e8423693e	Diwana Kiye Sham	Girija Devi	The Genius of Girija Devi
Girija_Devi/The_Genius_of_Girija_Devi/1_08_Thumri_Bhairavi.mp3	aa0740c9-a96e-4f06-9de8-1072db35132b	Thumri Bhairavi	Girija Devi	The Genius of Girija Devi
Girija_Devi/The_Genius_of_Girija_Devi/2_01_Raga_Desi_Todi.mp3	139694bf-63a0-4bc1-a978-5e67e0642088	Raga Desi Todi	Girija Devi	The Genius of Girija Devi
Girija_Devi/The_Genius_of_Girija_Devi/2_02_Raga_Yaman.mp3	2dbac2ae-9e9c-40b7-949d-7bca00c1633d	Raga Yaman	Girija Devi	The Genius of Girija Devi
Girija_Devi/The_Genius_of_Girija_Devi/2_03_Raga_Abhogi_Kanada.mp3	409903ce-cfe7-41fd-b42b-3b7790c0e917	Raga Abhogi Kanada	Girija Devi	The Genius of Girija Devi
Girija_Devi/The_Genius_of_Girija_Devi/2_04_Raga_Kafi_Tappa.mp3	a104c3d0-285b-4e08-9729-8c827f79ed70	Raga Kafi Tappa	Girija Devi	The Genius of Girija Devi
Girija_Devi/The_Genius_of_Girija_Devi/2_05_Tum_Sanchi_Kaho.mp3	541d802c-ca5e-4ad6-b7bd-953a490d81c8	Tum Sanchi Kaho	Girija Devi	The Genius of Girija Devi
Girija_Devi/The_Genius_of_Girija_Devi/2_06_Jhini_Jhini_Atariya.mp3	8ca2c50c-fe95-4c31-98e1-398d83beac71	Jhini Jhini Atariya	Girija Devi	The Genius of Girija Devi
Girija_Devi/The_Genius_of_Girija_Devi/3_01_Dadra_Kaushik_Dhwani.mp3	1446f084-00fe-4c8f-a33b-a4f3b4966151	Dadra Kaushik Dhwani	Girija Devi	The Genius of Girija Devi
Girija_Devi/The_Genius_of_Girija_Devi/3_02_Namdev_Bhajan.mp3	6da855b7-dad3-4794-ac01-726d8558ddec	Namdev Bhajan	Girija Devi	The Genius of Girija Devi
Girija_Devi/The_Genius_of_Girija_Devi/3_03_Tulsidas_Bhajan.mp3	cc978727-8a02-4e66-a697-534128eb7f64	Tulsidas Bhajan	Girija Devi	The Genius of Girija Devi
Girija_Devi/The_Genius_of_Girija_Devi/3_04_Surdas_Bhajan.mp3	a7c12176-0e43-4761-af7c-f4d5ad336bda	Surdas Bhajan	Girija Devi	The Genius of Girija Devi
Girija_Devi/The_Genius_of_Girija_Devi/3_05_Kabir_Bhajan.mp3	b2e49d21-7259-4924-825f-34603fae2004	Kabir Bhajan	Girija Devi	The Genius of Girija Devi
Girija_Devi/The_Genius_of_Girija_Devi/3_06_Meera_Bhajan.mp3	67ca3fbf-ba21-4d80-97c9-a821f7ac74b5	Meera Bhajan	Girija Devi	The Genius of Girija Devi
Girija_Devi/The_Genius_of_Girija_Devi/3_07_Gurunanak_Dev_Bhajan.mp3	b69f2890-6ec0-4e93-a03b-c3780477b443	Gurunanak Dev Bhajan	Girija Devi	The Genius of Girija Devi
Girija_Devi/The_Genius_of_Girija_Devi/3_08_Raga_Bhairavi.mp3	25fc66b9-0ebc-40e7-8e2e-416410b6032b	Raga Bhairavi	Girija Devi	The Genius of Girija Devi
Aarti_Anklikar_Tikekar/Ragamala/1_01_Bibhas_Raga.mp3	79a925ab-cb2a-4299-921d-769a76b76443	Bibhas Raga	Aarti Anklikar Tikekar	Ragamala
Aarti_Anklikar_Tikekar/Ragamala/1_02_Madhukaunse_Raga.mp3	7084ac88-542c-4e84-8eda-dc9735201d18	Madhukaunse Raga	Aarti Anklikar Tikekar	Ragamala
Aarti_Anklikar_Tikekar/Ragamala/1_03_O_Mara_Bala_Giridhari.mp3	d1b0cda3-2596-41a4-8a12-7fa5077f16c0	O Mara Bala Giridhari	Aarti Anklikar Tikekar	Ragamala
Abdul_Latif_Khan/Master_Pieces/1_01_Raga_Miyan_Ki_Malhar.mp3	c8733633-6630-4795-9b54-be574853b647	Raga Miyan Ki Malhar	Abdul Latif Khan	Master Pieces
Abdul_Latif_Khan/Master_Pieces/1_02_Raga_Lalit.mp3	cce5404c-de97-4277-9524-a43312337de6	Raga Lalit	Abdul Latif Khan	Master Pieces
Amir_Khan/Taskeen_(Vol__2)/1_01_Raga_Todi.mp3	da623ecf-5590-4fc6-8d6d-d1f396d5021d	Raga Todi	Amir Khan	Taskeen (Vol. 2)
Amir_Khan/Taskeen_(Vol__2)/1_02_Raga_Megh.mp3	03d6cffc-df07-4e41-996e-0ec2172ff424	Raga Megh	Amir Khan	Taskeen (Vol. 2)
Amir_Khan/The_Great_Heritage__Ustad_Amir_Khan/1_01_Raga_Bilaskhani_Todi__Bairagi_Roop.mp3	7d3f5b32-34f2-402c-b3b3-a87f1dedd3a8	Raga Bilaskhani Todi: Bairagi Roop	Amir Khan	The Great Heritage: Ustad Amir Khan
Amir_Khan/The_Great_Heritage__Ustad_Amir_Khan/1_02_Raga_Marwa__Piya_More.mp3	fb73793a-3791-4986-b3f8-00621a16a522	Raga Marwa: Piya More	Amir Khan	The Great Heritage: Ustad Amir Khan
Amir_Khan/The_Great_Heritage__Ustad_Amir_Khan/1_03_Raga_Hansdhwani__Jai_Maate.mp3	56a5f6b7-67c0-4672-8eb5-4800ea004251	Raga Hansdhwani: Jai Maate	Amir Khan	The Great Heritage: Ustad Amir Khan
Amir_Khan/The_Great_Heritage__Ustad_Amir_Khan/2_01_Raga_Bairagi__Man_Sumarat_Nis_Din_Tumharo_Naam.mp3	205d79c6-ad14-4193-be7c-3f32457eda60	Raga Bairagi: Man Sumarat Nis Din Tumharo Naam	Amir Khan	The Great Heritage: Ustad Amir Khan
Amir_Khan/The_Great_Heritage__Ustad_Amir_Khan/2_02_Raga_Charukeshi__Laaj_Rakho_Tum_Mori_Gusaiyan.mp3	a03bf3b2-e90e-4c71-afda-cb853d533f95	Raga Charukeshi: Laaj Rakho Tum Mori Gusaiyan	Amir Khan	The Great Heritage: Ustad Amir Khan
Amir_Khan/The_Great_Heritage__Ustad_Amir_Khan/2_03_Raga_Puriya__Chin_Chin_Baat_Takat_Hun_Tori.mp3	09dd17ad-5908-4fe0-9465-ce688fc3086f	Raga Puriya: Chin Chin Baat Takat Hun Tori	Amir Khan	The Great Heritage: Ustad Amir Khan
Amir_Khan/The_Great_Heritage__Ustad_Amir_Khan/2_04_Raga_Shuddha_Kalyan__Karam_Karo__Tarana.mp3	a11d5ea4-370a-4980-bdf8-bfd163f0b500	Raga Shuddha Kalyan: Karam Karo & Tarana	Amir Khan	The Great Heritage: Ustad Amir Khan
Amir_Khan/The_Great_Heritage__Ustad_Amir_Khan/3_01_01_RAGA_-_CHANDANI_KEDAR-YE_RI_TU_DHAN_TERO_BHAAG.mp3	42465096-d732-442b-bbc2-39b0672d4a18	01 RAGA - CHANDANI KEDAR-YE RI TU DHAN TERO BHAAG	Amir Khan	The Great Heritage: Ustad Amir Khan
Amir_Khan/The_Great_Heritage__Ustad_Amir_Khan/3_02_02_RAGA_-_MADHUKAUNS-_BAIRANBHAI_RAIN.mp3	57db6960-6038-4b48-b22f-a10d22752767	02 RAGA - MADHUKAUNS- BAIRANBHAI RAIN	Amir Khan	The Great Heritage: Ustad Amir Khan
Asad_Ali_Khan/Rudra_Bin/1_01_Raga_Miyan_ki_Todi__Alap_Jor__Jhala.mp3	b01ccf7f-400e-46f6-a5bb-cf5c1940c787	Raga Miyan ki Todi: Alap Jor & Jhala	Asad Ali Khan	Rudra Bin
Asad_Ali_Khan/Rudra_Bin/1_02_Raga_Miyan_ki_Todi__Dhrupad_in_Chautal.mp3	8084885a-c74e-4450-88e3-01faf3a70ac2	Raga Miyan ki Todi: Dhrupad in Chautal	Asad Ali Khan	Rudra Bin
Ashwini_Bhide_Deshpande/Classical_Vocal/1_01_Raga_Kafi_Kanada.mp3	20ca2cfd-0c1b-4ecf-9a60-589917088087	Raga Kafi Kanada	Ashwini Bhide Deshpande	Classical Vocal
Ashwini_Bhide_Deshpande/Classical_Vocal/1_02_Raga_Aarabhi.mp3	4f5a6a1b-7002-4538-b642-b0ed42e91140	Raga Aarabhi	Ashwini Bhide Deshpande	Classical Vocal
Ashwini_Bhide_Deshpande/Classical_Vocal/1_03_Tulsidas_Bhajan__Kabir_Doha.mp3	861583ea-1108-462e-8173-442158673142	Tulsidas Bhajan & Kabir Doha	Ashwini Bhide Deshpande	Classical Vocal
Bade_Ghulam_Ali_Khan/The_Great_Heritage__Ustad_Bade_Ghulam_Ali_Khan/1_01_Raga_Malkauns.mp3	bd7957db-935e-4bfd-bff9-f378ca6db5c9	Raga Malkauns	Bade Ghulam Ali Khan	The Great Heritage: Ustad Bade Ghulam Ali Khan
Bade_Ghulam_Ali_Khan/The_Great_Heritage__Ustad_Bade_Ghulam_Ali_Khan/1_02_Raga_Kaushi_Dhwani.mp3	fd286c71-6b95-45ec-b90b-739be342b941	Raga Kaushi Dhwani	Bade Ghulam Ali Khan	The Great Heritage: Ustad Bade Ghulam Ali Khan
Bade_Ghulam_Ali_Khan/The_Great_Heritage__Ustad_Bade_Ghulam_Ali_Khan/1_03_Thumri_-_Kate_Na_Biraha_Ki_Raat.mp3	4ec36969-85c3-47e3-ae11-32cd6ef29eff	Thumri - Kate Na Biraha Ki Raat	Bade Ghulam Ali Khan	The Great Heritage: Ustad Bade Ghulam Ali Khan
Bade_Ghulam_Ali_Khan/The_Great_Heritage__Ustad_Bade_Ghulam_Ali_Khan/1_04_Prem_Ki_Maar_Katar.mp3	0159d351-703e-4db9-a2e3-553ad582256c	Prem Ki Maar Katar	Bade Ghulam Ali Khan	The Great Heritage: Ustad Bade Ghulam Ali Khan
Bade_Ghulam_Ali_Khan/The_Great_Heritage__Ustad_Bade_Ghulam_Ali_Khan/1_05_Maran_Muthe_Yun.mp3	01c75996-467d-47cc-a323-74b2b6d7a469	Maran Muthe Yun	Bade Ghulam Ali Khan	The Great Heritage: Ustad Bade Ghulam Ali Khan
Bade_Ghulam_Ali_Khan/The_Great_Heritage__Ustad_Bade_Ghulam_Ali_Khan/1_06_Yaad_Piya_Ki_Aaye.mp3	0cdb0de5-397e-4d2b-9245-5f84b11645ab	Yaad Piya Ki Aaye	Bade Ghulam Ali Khan	The Great Heritage: Ustad Bade Ghulam Ali Khan
Bade_Ghulam_Ali_Khan/The_Great_Heritage__Ustad_Bade_Ghulam_Ali_Khan/1_07_Aaye_Na_Balam.mp3	b3dc1142-8c20-4217-aeec-cfd9beed1fb4	Aaye Na Balam	Bade Ghulam Ali Khan	The Great Heritage: Ustad Bade Ghulam Ali Khan
Bade_Ghulam_Ali_Khan/The_Great_Heritage__Ustad_Bade_Ghulam_Ali_Khan/1_08_Raga_Pahadi.mp3	15dff457-4ab2-4ec1-82bd-9232adb5b705	Raga Pahadi	Bade Ghulam Ali Khan	The Great Heritage: Ustad Bade Ghulam Ali Khan
Bade_Ghulam_Ali_Khan/The_Great_Heritage__Ustad_Bade_Ghulam_Ali_Khan/2_01_Raga_Shuddha_Sarang.mp3	ab50e3e6-e6cb-4faa-a5ad-f0a94de30f86	Raga Shuddha Sarang	Bade Ghulam Ali Khan	The Great Heritage: Ustad Bade Ghulam Ali Khan
Bade_Ghulam_Ali_Khan/The_Great_Heritage__Ustad_Bade_Ghulam_Ali_Khan/2_02_Raga_Megh_Malhar_Sadra.mp3	e51aa478-25e7-4d82-8cf2-b84c6c71a57c	Raga Megh Malhar Sadra	Bade Ghulam Ali Khan	The Great Heritage: Ustad Bade Ghulam Ali Khan
Bade_Ghulam_Ali_Khan/The_Great_Heritage__Ustad_Bade_Ghulam_Ali_Khan/2_03_Thumri_Pahadi.mp3	bcd7eb7f-5cc7-43a5-9550-cf6e87d72231	Thumri Pahadi	Bade Ghulam Ali Khan	The Great Heritage: Ustad Bade Ghulam Ali Khan
Bade_Ghulam_Ali_Khan/The_Great_Heritage__Ustad_Bade_Ghulam_Ali_Khan/2_04_Thumri_Tilang.mp3	ac19c9ba-1c5f-4e01-8232-b397f1337741	Thumri Tilang	Bade Ghulam Ali Khan	The Great Heritage: Ustad Bade Ghulam Ali Khan
Bade_Ghulam_Ali_Khan/The_Great_Heritage__Ustad_Bade_Ghulam_Ali_Khan/3_01_Raga_Bhoopali.mp3	dd42bbc9-4ec1-4881-81df-8b6813d460cf	Raga Bhoopali	Bade Ghulam Ali Khan	The Great Heritage: Ustad Bade Ghulam Ali Khan
Bade_Ghulam_Ali_Khan/The_Great_Heritage__Ustad_Bade_Ghulam_Ali_Khan/3_02_Thumri_Tilak_Kamod.mp3	484625a2-8995-444e-b27b-062e14b482db	Thumri Tilak Kamod	Bade Ghulam Ali Khan	The Great Heritage: Ustad Bade Ghulam Ali Khan
Bade_Ghulam_Ali_Khan/The_Great_Heritage__Ustad_Bade_Ghulam_Ali_Khan/3_03_Thumri_Mishra_Khamaj.mp3	5beb3c7a-93d8-431d-b261-913480e40f52	Thumri Mishra Khamaj	Bade Ghulam Ali Khan	The Great Heritage: Ustad Bade Ghulam Ali Khan
Bade_Ghulam_Ali_Khan/The_Great_Heritage__Ustad_Bade_Ghulam_Ali_Khan/3_04_Bhairavi_Thumri.mp3	ec86ba65-7be6-4610-995f-7fde8caafc73	Bhairavi Thumri	Bade Ghulam Ali Khan	The Great Heritage: Ustad Bade Ghulam Ali Khan
Basavraj_Rajaguru/The_Genius_Of_Basavraj_Rajguru/1_01_Raga_Bhupali_Todi.mp3	bc008a28-0474-4cf6-999f-c73490a99e54	Raga Bhupali Todi	Basavraj Rajaguru	The Genius Of Basavraj Rajguru
Basavraj_Rajaguru/The_Genius_Of_Basavraj_Rajguru/1_02_Raga_Bilashkani_Todi.mp3	182dd9f9-d3b7-4ebc-9d18-9e0544c6e8cc	Raga Bilashkani Todi	Basavraj Rajaguru	The Genius Of Basavraj Rajguru
Basavraj_Rajaguru/The_Genius_Of_Basavraj_Rajguru/1_03_Raga_Shuddh_Sarang.mp3	43688da7-80e9-4814-b486-b01534a6ed44	Raga Shuddh Sarang	Basavraj Rajaguru	The Genius Of Basavraj Rajguru
Basavraj_Rajaguru/The_Genius_Of_Basavraj_Rajguru/1_04_Ashta_Raga_Malika.mp3	de652eeb-d1ca-4ed5-9bb3-c7cb73e2b08c	Ashta Raga Malika	Basavraj Rajaguru	The Genius Of Basavraj Rajguru
Basavraj_Rajaguru/The_Genius_Of_Basavraj_Rajguru/1_05_Raga_Bhairavi.mp3	26d8f47c-5970-4a31-844e-b275819ce0c0	Raga Bhairavi	Basavraj Rajaguru	The Genius Of Basavraj Rajguru
Basavraj_Rajaguru/The_Genius_Of_Basavraj_Rajguru/2_01_Raga_Bhatiyar.mp3	604b791d-9713-4158-9dad-43891ccb2535	Raga Bhatiyar	Basavraj Rajaguru	The Genius Of Basavraj Rajguru
Basavraj_Rajaguru/The_Genius_Of_Basavraj_Rajguru/2_02_Raga_Alhaiya_Bilawal.mp3	3d0539f5-2d30-422f-9647-b3e14fd9787d	Raga Alhaiya Bilawal	Basavraj Rajaguru	The Genius Of Basavraj Rajguru
Basavraj_Rajaguru/The_Genius_Of_Basavraj_Rajguru/2_03_Raga_Jogi_Asawari.mp3	0f332402-b4f9-4ea9-89d6-6244194cfcee	Raga Jogi Asawari	Basavraj Rajaguru	The Genius Of Basavraj Rajguru
Basavraj_Rajaguru/The_Genius_Of_Basavraj_Rajguru/2_04_Raga_Khambawati.mp3	6f3b0304-7098-4626-a0f6-f5da177c9707	Raga Khambawati	Basavraj Rajaguru	The Genius Of Basavraj Rajguru
Basavraj_Rajaguru/The_Genius_Of_Basavraj_Rajguru/2_05_Raga_Malkauns.mp3	63a09f6b-ba52-47f0-9be1-8f4508b96ded	Raga Malkauns	Basavraj Rajaguru	The Genius Of Basavraj Rajguru
Basavraj_Rajaguru/The_Genius_Of_Basavraj_Rajguru/3_01_Raga_Patdeep.mp3	a0111c0b-8627-4634-bec0-12c392e089d3	Raga Patdeep	Basavraj Rajaguru	The Genius Of Basavraj Rajguru
Basavraj_Rajaguru/The_Genius_Of_Basavraj_Rajguru/3_02_Raga_Gorakh_Kalyan.mp3	b29f2fb5-0c99-49f0-87b6-fba13df7c00b	Raga Gorakh Kalyan	Basavraj Rajaguru	The Genius Of Basavraj Rajguru
Basavraj_Rajaguru/The_Genius_Of_Basavraj_Rajguru/3_03_Raga_Basant.mp3	4519091e-9eaa-4f03-911e-348727ee3c90	Raga Basant	Basavraj Rajaguru	The Genius Of Basavraj Rajguru
C_R_Vyas/Vocal_Recital/1_01_Raga-_Bhairav_Bahar.mp3	9170935d-35dc-4c84-9ebd-ca88ed449303	Raga- Bhairav Bahar	C R Vyas	Vocal Recital
C_R_Vyas/Vocal_Recital/1_02_Raga-_Malav.mp3	8c8aac6b-e8d7-4748-b79d-aeea047131fe	Raga- Malav	C R Vyas	Vocal Recital
Dagar_Brothers/Raga_Miyan_Ki_Malhar/1_01_Raga_Miyan_Ki_Malhar.mp3	ef9bbb7d-1710-4fa0-b7e0-e419340f3c32	Raga Miyan Ki Malhar	Dagar Brothers	Raga Miyan Ki Malhar
Dagar_Brothers_of_Udaipur/Royal_Collection_of_Mewar_-_Bageshree_Dhrupad/1_01_Bageshree_-_Alaap.mp3	9304a414-8447-495e-9b59-3233e1ba5d47	Bageshree - Alaap	Dagar Brothers of Udaipur	Royal Collection of Mewar - Bageshree Dhrupad
Dagar_Brothers_of_Udaipur/Royal_Collection_of_Mewar_-_Bageshree_Dhrupad/1_02_Bageshree_-_Dhrupad.mp3	e5957695-cc94-4868-97bb-7d43fe016b7d	Bageshree - Dhrupad	Dagar Brothers of Udaipur	Royal Collection of Mewar - Bageshree Dhrupad
Dagar_Brothers_of_Udaipur/Royal_Collection_of_Mewar_-_Bageshree_Dhrupad/1_03_Bageshree_-_Khayaal.mp3	7b301bad-e80c-4341-b5b3-8da85cc8f933	Bageshree - Khayaal	Dagar Brothers of Udaipur	Royal Collection of Mewar - Bageshree Dhrupad
Dagar_Brothers_of_Udaipur/Royal_Collection_of_Mewar_-_Bageshree_Dhrupad/1_04_Bageshree_-_Taraana.mp3	03eb8d8e-cc68-49d7-bef6-2ee46b87f739	Bageshree - Taraana	Dagar Brothers of Udaipur	Royal Collection of Mewar - Bageshree Dhrupad
Dagar_Brothers_of_Udaipur/Royal_Collection_of_Mewar_-_Raga_Kambhoji_Dhrupad/1_01_Raga_Kambhoji.mp3	27c4a222-2ebb-4ef5-bccf-3efb6350b9d0	Raga Kambhoji	Dagar Brothers of Udaipur	Royal Collection of Mewar - Raga Kambhoji Dhrupad
Gauri_Pathare/Malhar/1_01_Raga_Gaud_Malhar.mp3	56c945ef-f5ed-4b03-ace1-80ed9b7acf25	Raga Gaud Malhar	Gauri Pathare	Malhar
Gauri_Pathare/Malhar/1_02_Raga_Sur_Malhar.mp3	05998386-9e41-43c8-9f3a-a14fe3a03c83	Raga Sur Malhar	Gauri Pathare	Malhar
Gauri_Pathare/Malhar/1_03_Raga_Basant.mp3	c853d66a-7f61-42ef-8373-94798bde90a6	Raga Basant	Gauri Pathare	Malhar
Hirabai_Barodekar/The_Great_Heritage__Hirabai_Barodekar/1_01_Raga_Ahir_Bhairav_-_Rasiya_Mhara_Mharoji.mp3	b31c1429-f99f-481c-9a0e-cb2d2f99ac84	Raga Ahir Bhairav - Rasiya Mhara Mharoji	Hirabai Barodekar	The Great Heritage: Hirabai Barodekar
Hirabai_Barodekar/The_Great_Heritage__Hirabai_Barodekar/1_02_Ragai_Todi_-_Kankariya_Ji_Na_Maro.mp3	4efbe000-a0eb-4f6d-bfe0-4db39fcde439	Ragai Todi - Kankariya Ji Na Maro	Hirabai Barodekar	The Great Heritage: Hirabai Barodekar
Hirabai_Barodekar/The_Great_Heritage__Hirabai_Barodekar/1_03_Raga_Todi_-_Begun_Gun_Allah_Ke_Saamne.mp3	e9c4924f-3b6a-448c-8f0e-7c311eedf210	Raga Todi - Begun Gun Allah Ke Saamne	Hirabai Barodekar	The Great Heritage: Hirabai Barodekar
Hirabai_Barodekar/The_Great_Heritage__Hirabai_Barodekar/1_04_Thumri_-_Kahe_Piya_Bin_Chain.mp3	908e7679-d3cd-45d8-b7aa-3b14f076fc0c	Thumri - Kahe Piya Bin Chain	Hirabai Barodekar	The Great Heritage: Hirabai Barodekar
Hirabai_Barodekar/The_Great_Heritage__Hirabai_Barodekar/1_05_Raga_Deskar_-_Hun_To_Tere_Kaaran_Jaagi.mp3	b841469c-4420-43f8-947e-91d97f72d344	Raga Deskar - Hun To Tere Kaaran Jaagi	Hirabai Barodekar	The Great Heritage: Hirabai Barodekar
Hirabai_Barodekar/The_Great_Heritage__Hirabai_Barodekar/1_06_Hori_-_Hori_Khelo_Mose_Nand.mp3	a4240759-a15f-4d8b-be89-25c3cb55a51c	Hori - Hori Khelo Mose Nand	Hirabai Barodekar	The Great Heritage: Hirabai Barodekar
Hirabai_Barodekar/The_Great_Heritage__Hirabai_Barodekar/1_07_Bhajan_-_Radhe_Krishna_Bol.mp3	00748e0b-5be9-4a00-b425-9573996fea53	Bhajan - Radhe Krishna Bol	Hirabai Barodekar	The Great Heritage: Hirabai Barodekar
Hirabai_Barodekar/The_Great_Heritage__Hirabai_Barodekar/1_08_Raga_Sarang_-_Jaa_Re_Bhawaraa_Door.mp3	54d8e276-987c-44cf-9e99-ff9c7e2fdc9b	Raga Sarang - Jaa Re Bhawaraa Door	Hirabai Barodekar	The Great Heritage: Hirabai Barodekar
Hirabai_Barodekar/The_Great_Heritage__Hirabai_Barodekar/1_09_Raga_Brindawani_Sarang_-_Madhumadan_Man_Kare.mp3	177cf97b-ac80-49ba-998d-93675cfbe8b3	Raga Brindawani Sarang - Madhumadan Man Kare	Hirabai Barodekar	The Great Heritage: Hirabai Barodekar
Hirabai_Barodekar/The_Great_Heritage__Hirabai_Barodekar/1_10_Bhajan_-_Chakar_Rakho_Ji_Sanwariya.mp3	0838415c-6a1b-412e-a82b-56c350312185	Bhajan - Chakar Rakho Ji Sanwariya	Hirabai Barodekar	The Great Heritage: Hirabai Barodekar
Hirabai_Barodekar/The_Great_Heritage__Hirabai_Barodekar/1_11_Raga_Patadeep_-_Piya_Nahin_Aaye.mp3	0c2b8dd9-299a-441f-aa21-47d90ef3e434	Raga Patadeep - Piya Nahin Aaye	Hirabai Barodekar	The Great Heritage: Hirabai Barodekar
Hirabai_Barodekar/The_Great_Heritage__Hirabai_Barodekar/1_12_Raga_Multani_-_Balamwa_Kaisi_Preet_Lagai.mp3	c302ac42-9ce5-43d4-b35e-12597841e728	Raga Multani - Balamwa Kaisi Preet Lagai	Hirabai Barodekar	The Great Heritage: Hirabai Barodekar
Hirabai_Barodekar/The_Great_Heritage__Hirabai_Barodekar/1_13_Bhajan_-_Giridhar_Gopala.mp3	f529ef3e-474c-441c-ac8e-212a15940806	Bhajan - Giridhar Gopala	Hirabai Barodekar	The Great Heritage: Hirabai Barodekar
Hirabai_Barodekar/The_Great_Heritage__Hirabai_Barodekar/2_01_Ata_Tana_Dere_Na.mp3	7081d924-c8e4-4216-9e69-ca397c10550b	Ata Tana Dere Na	Hirabai Barodekar	The Great Heritage: Hirabai Barodekar
Hirabai_Barodekar/The_Great_Heritage__Hirabai_Barodekar/2_02_Tat_Bitata_Ghan_Singar.mp3	fdc83e20-5388-4d0f-a5ec-eee1ced4fe89	Tat Bitata Ghan Singar	Hirabai Barodekar	The Great Heritage: Hirabai Barodekar
Hirabai_Barodekar/The_Great_Heritage__Hirabai_Barodekar/2_03_Sakhi_Mori_Rumjhum.mp3	8406fe53-3b39-4081-ae56-56b42aff7877	Sakhi Mori Rumjhum	Hirabai Barodekar	The Great Heritage: Hirabai Barodekar
Hirabai_Barodekar/The_Great_Heritage__Hirabai_Barodekar/2_04_Yaar_Aakar_Hua_Mehmaan.mp3	45772d20-d1a3-4dc8-b1d3-485322b1f171	Yaar Aakar Hua Mehmaan	Hirabai Barodekar	The Great Heritage: Hirabai Barodekar
Hirabai_Barodekar/The_Great_Heritage__Hirabai_Barodekar/2_05_Bairan_Thadi_Atariyason.mp3	79cdf0bf-096f-4bdd-bb7b-1eac68e6fce6	Bairan Thadi Atariyason	Hirabai Barodekar	The Great Heritage: Hirabai Barodekar
Hirabai_Barodekar/The_Great_Heritage__Hirabai_Barodekar/2_06_Akeli_Dar_Laage.mp3	fe5c7557-548c-49f2-8418-9b9c98ec21d1	Akeli Dar Laage	Hirabai Barodekar	The Great Heritage: Hirabai Barodekar
Hirabai_Barodekar/The_Great_Heritage__Hirabai_Barodekar/2_07_Sunder_Swaroop_Jaake.mp3	dfaa749e-ab19-439b-a057-51516bed4721	Sunder Swaroop Jaake	Hirabai Barodekar	The Great Heritage: Hirabai Barodekar
Hirabai_Barodekar/The_Great_Heritage__Hirabai_Barodekar/2_08_Kahe_Sataao_Mohe_Sham.mp3	7e321f1f-c24e-40dc-a660-dbdb3097575d	Kahe Sataao Mohe Sham	Hirabai Barodekar	The Great Heritage: Hirabai Barodekar
Hirabai_Barodekar/The_Great_Heritage__Hirabai_Barodekar/2_09_Ek_Pal_Batiyan_De_Ho.mp3	ae0c61d1-5176-4fd7-9b20-65471049895c	Ek Pal Batiyan De Ho	Hirabai Barodekar	The Great Heritage: Hirabai Barodekar
Hirabai_Barodekar/The_Great_Heritage__Hirabai_Barodekar/2_10_Ab_Ke_Sawan_Ke_Ghar_Aaja.mp3	510e5d39-5777-4fd5-acc2-d94fe894bea4	Ab Ke Sawan Ke Ghar Aaja	Hirabai Barodekar	The Great Heritage: Hirabai Barodekar
Hirabai_Barodekar/The_Great_Heritage__Hirabai_Barodekar/2_11_Eri_Aise_Kaise_Ghar_Jaaun.mp3	dd20badd-61cc-47ac-9222-12d898dcbe24	Eri Aise Kaise Ghar Jaaun	Hirabai Barodekar	The Great Heritage: Hirabai Barodekar
Hirabai_Barodekar/The_Great_Heritage__Hirabai_Barodekar/2_12_Ghiri_Badari_Rama.mp3	36fac973-e69e-4c42-95f4-79cbcdb1c212	Ghiri Badari Rama	Hirabai Barodekar	The Great Heritage: Hirabai Barodekar
Hirabai_Barodekar/The_Great_Heritage__Hirabai_Barodekar/2_13_Laagi_Mori_Bindiya.mp3	58fe8c71-eaf5-4bc3-841b-62cd9bd10dc9	Laagi Mori Bindiya	Hirabai Barodekar	The Great Heritage: Hirabai Barodekar
Hirabai_Barodekar/The_Great_Heritage__Hirabai_Barodekar/3_01_Raga_-_Ramkali.mp3	c1801ead-c76f-4b8a-8191-00333dbcefc0	Raga - Ramkali	Hirabai Barodekar	The Great Heritage: Hirabai Barodekar
Hirabai_Barodekar/The_Great_Heritage__Hirabai_Barodekar/3_02_Raga_-_Yaman.mp3	72b3199c-c49d-4f50-b959-e1bf6abab98e	Raga - Yaman	Hirabai Barodekar	The Great Heritage: Hirabai Barodekar
Hirabai_Barodekar/The_Great_Heritage__Hirabai_Barodekar/3_03_Raga_-_Chandrakauns.mp3	b610548c-cb21-45aa-8aaf-a1dc7cce8130	Raga - Chandrakauns	Hirabai Barodekar	The Great Heritage: Hirabai Barodekar
Hirabai_Barodekar/The_Great_Heritage__Hirabai_Barodekar/3_04_Raga_-_Basant_Bahar.mp3	649012d6-4ba1-4b2c-b9d9-227b6324d3d3	Raga - Basant Bahar	Hirabai Barodekar	The Great Heritage: Hirabai Barodekar
Jagdish_Prasad/Shraddhanjali__Jagdish_Prasad/1_01_Raga_Bhageshri.mp3	6cb0fc24-76bf-48a8-8a45-8552b70127ea	Raga Bhageshri	Jagdish Prasad	Shraddhanjali: Jagdish Prasad
Jagdish_Prasad/Shraddhanjali__Jagdish_Prasad/1_02_Raga_Gujri_Todi.mp3	64c28d42-9d2f-4b7d-8b20-ab4b74446c15	Raga Gujri Todi	Jagdish Prasad	Shraddhanjali: Jagdish Prasad
Jagdish_Prasad/Shraddhanjali__Jagdish_Prasad/1_03_Thumri_Bhairavi.mp3	5388455b-c6e8-4a0c-89a7-29d952d0dbdd	Thumri Bhairavi	Jagdish Prasad	Shraddhanjali: Jagdish Prasad
Jagdish_Prasad/Shraddhanjali__Jagdish_Prasad/2_01_Raga_Vachaspati.mp3	754db442-b766-4eec-b430-ed9dfe8010b9	Raga Vachaspati	Jagdish Prasad	Shraddhanjali: Jagdish Prasad
Jagdish_Prasad/Shraddhanjali__Jagdish_Prasad/2_02_Thumri_Des.mp3	8ee11f46-cf05-481d-bd60-702bb7b292e6	Thumri Des	Jagdish Prasad	Shraddhanjali: Jagdish Prasad
Jagdish_Prasad/Shraddhanjali__Jagdish_Prasad/2_03_Thumri_Pahadi.mp3	f51f9523-394f-4e36-a37f-6657af9d91cf	Thumri Pahadi	Jagdish Prasad	Shraddhanjali: Jagdish Prasad
Jasraj/Classical_Wonders_of_India/1_01_Raga_Miyan_Ki_Malhar.mp3	dcd3f7ef-a962-4664-8cbb-3902ad43d935	Raga Miyan Ki Malhar	Jasraj	Classical Wonders of India
Jasraj/Classical_Wonders_of_India/1_02_Raga_Maru_Bihag.mp3	56ad0c6b-6e9d-40e5-a917-96ec46c95e1c	Raga Maru Bihag	Jasraj	Classical Wonders of India
Jasraj/Legends__Sangeet_Martand_Pandit_Jasraj_(Vol__1)/1_01_Raga_-_Nat_Bhairav.mp3	a5feb87c-1f14-4f14-9bfc-cbe63b3d5e21	Raga - Nat Bhairav	Jasraj	Legends: Sangeet Martand Pandit Jasraj (Vol. 1)
Jasraj/Legends__Sangeet_Martand_Pandit_Jasraj_(Vol__1)/1_02_Raga_-_Ahir_Bhairav.mp3	53402748-f637-46a0-817d-ac711a9005ff	Raga - Ahir Bhairav	Jasraj	Legends: Sangeet Martand Pandit Jasraj (Vol. 1)
Jasraj/Legends__Sangeet_Martand_Pandit_Jasraj_(Vol__1)/1_03_Raga_-_Bilaskhani_Todi.mp3	e23eb921-de6e-452b-bc2f-7fbd0772c4fd	Raga - Bilaskhani Todi	Jasraj	Legends: Sangeet Martand Pandit Jasraj (Vol. 1)
Jasraj/Legends__Sangeet_Martand_Pandit_Jasraj_(Vol__1)/1_04_Karat_Shringar_Maiya_Man_Bhavat.mp3	7ed38940-f5e5-46cb-897d-ed408ddf8c85	Karat Shringar Maiya Man Bhavat	Jasraj	Legends: Sangeet Martand Pandit Jasraj (Vol. 1)
Jasraj/Legends__Sangeet_Martand_Pandit_Jasraj_(Vol__2)/1_01_Raga_-_Shudh_Sarang.mp3	3ce253e3-20a1-4148-b6c7-420a9784c242	Raga - Shudh Sarang	Jasraj	Legends: Sangeet Martand Pandit Jasraj (Vol. 2)
Jasraj/Legends__Sangeet_Martand_Pandit_Jasraj_(Vol__2)/1_02_Raga_-_Miyan_Ki_Sarang.mp3	8bb959cb-3905-4dac-a1dd-87e25e25dc09	Raga - Miyan Ki Sarang	Jasraj	Legends: Sangeet Martand Pandit Jasraj (Vol. 2)
Jasraj/Legends__Sangeet_Martand_Pandit_Jasraj_(Vol__2)/1_03_Raga_-_Bhimpalasi.mp3	32b33201-d238-4008-a806-608650b06850	Raga - Bhimpalasi	Jasraj	Legends: Sangeet Martand Pandit Jasraj (Vol. 2)
Jasraj/Legends__Sangeet_Martand_Pandit_Jasraj_(Vol__2)/1_04_Raga_-_Madhuvanti.mp3	e05c9807-4b3a-4532-b6cf-aa560ee07dad	Raga - Madhuvanti	Jasraj	Legends: Sangeet Martand Pandit Jasraj (Vol. 2)
Jasraj/Legends__Sangeet_Martand_Pandit_Jasraj_(Vol__3)/1_01_Raga__Pooriya.mp3	8d63143d-83fa-4f36-9a91-9203e17c6956	Raga: Pooriya	Jasraj	Legends: Sangeet Martand Pandit Jasraj (Vol. 3)
Jasraj/Legends__Sangeet_Martand_Pandit_Jasraj_(Vol__3)/1_02_Raga__Dhanashri_Khayal.mp3	8a8e2539-d866-4ce2-92c7-f8320693d07b	Raga: Dhanashri Khayal	Jasraj	Legends: Sangeet Martand Pandit Jasraj (Vol. 3)
Jasraj/Legends__Sangeet_Martand_Pandit_Jasraj_(Vol__3)/1_03_Raga__Gauri_(Bhairav_That).mp3	1c8fbf18-e876-41af-a859-95bde9b60310	Raga: Gauri (Bhairav That)	Jasraj	Legends: Sangeet Martand Pandit Jasraj (Vol. 3)
Jasraj/Legends__Sangeet_Martand_Pandit_Jasraj_(Vol__3)/1_04_Raga__Gorakh_Kalyan.mp3	83d141bc-cf9e-4ec6-8892-edf444c33601	Raga: Gorakh Kalyan	Jasraj	Legends: Sangeet Martand Pandit Jasraj (Vol. 3)
Jasraj/Legends__Sangeet_Martand_Pandit_Jasraj_(Vol__3)/1_05_Raga__Bairavi.mp3	1b2655a4-6d70-446b-baf2-86f78d507bb3	Raga: Bairavi	Jasraj	Legends: Sangeet Martand Pandit Jasraj (Vol. 3)
Jasraj/Legends__Sangeet_Martand_Pandit_Jasraj_(Vol__4)/1_01_Raga_Shuddha_Nat.mp3	3633d1c0-cee7-4f0a-90c0-197f7179c548	Raga Shuddha Nat	Jasraj	Legends: Sangeet Marand Pandit Jasraj (Vol. 4)
Jasraj/Legends__Sangeet_Martand_Pandit_Jasraj_(Vol__4)/1_02_Raga_Kedar.mp3	9a133da0-33a1-42c9-a0f1-d2619e4a8782	Raga Kedar	Jasraj	Legends: Sangeet Marand Pandit Jasraj (Vol. 4)
Jasraj/Legends__Sangeet_Martand_Pandit_Jasraj_(Vol__4)/1_03_Raga_Nat_Narayan.mp3	4eee6e01-64ee-42ab-990a-e07e0c28f554	Raga Nat Narayan	Jasraj	Legends: Sangeet Marand Pandit Jasraj (Vol. 4)
Jasraj/Legends__Sangeet_Martand_Pandit_Jasraj_(Vol__4)/1_04_Chitavan_Roke_Hoon_Na_Rahi.mp3	36a52cbd-920a-4bac-b0c5-a2e973058d6c	Chitavan Roke Hoon Na Rahi	Jasraj	Legends: Sangeet Marand Pandit Jasraj (Vol. 4)
Jasraj/Legends__Sangeet_Martand_Pandit_Jasraj_(Vol__5)/1_01_Raga_-_Hansdhwani.mp3	06cc10fd-d57e-4581-9627-ee7422c273dd	Raga - Hansdhwani	Jasraj	Legends: Sangeet Martand Pandit Jasraj (Vol. 5)
Jasraj/Legends__Sangeet_Martand_Pandit_Jasraj_(Vol__5)/1_02_Raga_-_Nagad_-_Dhwani_Kanhra.mp3	6f721e2f-7b39-4b0a-8fbb-0138eb9d79ef	Raga - Nagad - Dhwani Kanhra	Jasraj	Legends: Sangeet Martand Pandit Jasraj (Vol. 5)
Jasraj/Legends__Sangeet_Martand_Pandit_Jasraj_(Vol__5)/1_03_Raga_-_Asa_Mand.mp3	14e18129-73a2-4398-8731-65978cc21dd1	Raga - Asa Mand	Jasraj	Legends: Sangeet Martand Pandit Jasraj (Vol. 5)
Jasraj/Legends__Sangeet_Martand_Pandit_Jasraj_(Vol__5)/1_04_Raga_-_Khamaj_Bahar.mp3	5f824438-f25e-4ad3-97da-4d96a9d8fcd0	Raga - Khamaj Bahar	Jasraj	Legends: Sangeet Martand Pandit Jasraj (Vol. 5)
Jasraj/Legends__Sangeet_Martand_Pandit_Jasraj_(Vol__5)/1_05_Raga_-_Darbari.mp3	6e4dea78-ec22-479a-9e3c-c253a6deba7c	Raga - Darbari	Jasraj	Legends: Sangeet Martand Pandit Jasraj (Vol. 5)
Jasraj/Legends__Sangeet_Martand_Pandit_Jasraj_(Vol__5)/1_06_Raga_-_Adana.mp3	32285efe-118d-419c-ae79-aa63c13b5f4a	Raga - Adana	Jasraj	Legends: Sangeet Martand Pandit Jasraj (Vol. 5)
Jasraj/Legends__Sangeet_Martand_Pandit_Jasraj_(Vol__5)/1_07_Raga_-_Sindh_Bhairavi.mp3	d114eb3a-a7ef-4f4b-a83d-6d349bb39cb8	Raga - Sindh Bhairavi	Jasraj	Legends: Sangeet Martand Pandit Jasraj (Vol. 5)
Jayateerth_Mevundi/Raag_Darbari__Rendition_of_Late_Evening_Raga/1_01_Raag_Darbari.mp3	7ee9570e-7f04-4f1c-819a-ec044318e15c	Raag Darbari	Jayateerth Mevundi	Raag Darbari: Rendition of Late Evening Raga
Jayateerth_Mevundi/Raag_Darbari__Rendition_of_Late_Evening_Raga/1_02_Bhairavi__Jamuna_Ke_Teer.mp3	d67d7e9e-eee0-4e3d-883f-a17e19dcf080	Bhairavi: Jamuna Ke Teer	Jayateerth Mevundi	Raag Darbari: Rendition of Late Evening Raga
Jitendra_Abhishekhi/Swar_Siddhi/1_01_Raga_Amrit_Varshini.mp3	a9364f94-7e9f-4d8a-9ffd-db5bf358c187	Raga Amrit Varshini	Jitendra Abhishekhi	Swar Siddhi
Jitendra_Abhishekhi/Swar_Siddhi/1_02_Raga_Kafi.mp3	b91d4bfb-5f68-4e95-ab16-6e61bfec417d	Raga Kafi	Jitendra Abhishekhi	Swar Siddhi
Kishori_Amonkar/Live_in_Concert__Nehru_Center_Bombay/1_01_Raga__Bhoop_Vilambit_Teentaal.mp3	a3479fbe-fea4-4db7-9c1f-8b4ca613e5f0	Raga: Bhoop, Vilambit Teentaal	Kishori Amonkar	Live in Concert: Nehru Center Bombay
Kishori_Amonkar/Live_in_Concert__Nehru_Center_Bombay/1_02_Raga__Bhoop_-_Drut_Teentaal.mp3	8cee9d53-b105-45bc-bd1d-4a608d59b2fd	Raga: Bhoop - Drut Teentaal	Kishori Amonkar	Live in Concert: Nehru Center Bombay
Kishori_Amonkar/Live_in_Concert__Nehru_Center_Bombay/1_03_Raga__Binna_Shadja_-_Vilambit_Teentaal.mp3	e080c79b-865a-4a79-a562-3458c28a7df2	Raga: Binna Shadja - Vilambit Teentaal	Kishori Amonkar	Live in Concert: Nehru Center Bombay
Kishori_Amonkar/Live_in_Concert__New_Delhi_1992/1_01_Bhopali_-_vilambit_teentaal_-_Pratham_Sur_Saadhe.mp3	809196fd-2e16-435e-9d18-6c6132da0797	Bhopali - vilambit teentaal - Pratham Sur Saadhe	Kishori Amonkar	Live in Concert: New Delhi 1992
Kishori_Amonkar/Live_in_Concert__New_Delhi_1992/1_02_Bhopali_-_drut_teentaal_-_Tarana.mp3	157f546c-90c8-4b3b-a72c-42fa5b0dd820	Bhopali - drut teentaal - Tarana	Kishori Amonkar	Live in Concert: New Delhi 1992
Kishori_Amonkar/Live_in_Concert__New_Delhi_1992/1_03_Meera_bhajain_-_Jogiya_Se_Preet_Kiya.mp3	58205579-3515-4c9c-b9e5-a53f9b78d361	Meera bhajain - Jogiya Se Preet Kiya	Kishori Amonkar	Live in Concert: New Delhi 1992
Kishori_Amonkar/Malhar_Malika/1_01_Raga__Gaud_Malhar.mp3	5e9d1ce8-9dcf-4c3c-a58a-7bc8734791d0	Raga: Gaud Malhar	Kishori Amonkar	Malhar Malika
Kishori_Amonkar/Malhar_Malika/1_02_Raga__Adana_Malhar.mp3	f8b4c217-d716-425c-b2cf-bb2d4e307028	Raga: Adana Malhar	Kishori Amonkar	Malhar Malika
Kishori_Amonkar/Malhar_Malika_(Vol__3)/1_01_Raga__Meera_Malhar.mp3	40e1b574-0e76-43ad-8907-90aaeaab273f	Raga: Meera Malhar	Kishori Amonkar	Malhar Malika vol 3
Kishori_Amonkar/Malhar_Malika_(Vol__3)/1_02_Raga__Anand_Malhar.mp3	f1913ba7-d928-49b2-906e-3fe1452ea7ee	Raga: Anand Malhar	Kishori Amonkar	Malhar Malika vol 3
Kishori_Amonkar/The_Malhars_-_Nat_Malhar/1_01_Barkha_Rut_Aai.mp3	c3f62aea-02ab-4c4e-a96d-b56579fcff2e	Barkha Rut Aai	Kishori Amonkar	The Malhars - Nat Malhar
Kishori_Amonkar/The_Malhars_-_Nat_Malhar/1_02_Barkha_Rut_Aai.mp3	61c6ce90-8cfa-4b21-bb72-2adcf7e54636	Barkha Rut Aai	Kishori Amonkar	The Malhars - Nat Malhar
Kishori_Amonkar/The_Malhars_-_Nat_Malhar/1_03_Pawan_Chalat_Meha.mp3	fe71446a-90b6-4d73-94af-3fc383850c28	Pawan Chalat Meha	Kishori Amonkar	The Malhars - Nat Malhar
Kishori_Amonkar/The_Malhars__Gaud_Malhar/1_01_Raga__Gaud_Malhar__Vilambit_Teental.mp3	50a45482-2a3e-44a8-beea-1320f529fa00	Raga: Gaud Malhar: Vilambit Teental	Kishori Amonkar	The Malhars: Gaud Malhar
Kishori_Amonkar/The_Malhars__Gaud_Malhar/1_02_Raga__Gaud_Malhar__Vilambit_Teental.mp3	0efd0dde-018c-4c30-972b-9dc14c6f09b5	Raga: Gaud Malhar: Vilambit Teental	Kishori Amonkar	The Malhars: Gaud Malhar
Kishori_Amonkar/The_Malhars__Gaud_Malhar/1_03_Raga__Gaud_Malhar__Drut_Teental.mp3	28dd1d68-ee23-47f4-8776-33cc18adc44a	Raga: Gaud Malhar: Drut Teental	Kishori Amonkar	The Malhars: Gaud Malhar
Kumar_Gandharv/The_Genius_Of_Pt__Kumar_Gandharv/1_01_Raga_Miyan_Malhar.mp3	6c573272-1f4a-4504-b7e1-996f877e1e15	Raga Miyan Malhar	Kumar Gandharv	The Genius Of Pt. Kumar Gandharv
Kumar_Gandharv/The_Genius_Of_Pt__Kumar_Gandharv/1_02_Raga_Gandhi_Malhar.mp3	075952a9-aa79-4e5e-94e5-920bb3c4cd68	Raga Gandhi Malhar	Kumar Gandharv	The Genius Of Pt. Kumar Gandharv
Kumar_Gandharv/The_Genius_Of_Pt__Kumar_Gandharv/1_03_Raga_Patmanjiri.mp3	491a6aa4-b6b3-4b17-9ceb-e4d2095b6631	Raga Patmanjiri	Kumar Gandharv	The Genius Of Pt. Kumar Gandharv
Kumar_Gandharv/The_Genius_Of_Pt__Kumar_Gandharv/1_04_Raga__Bahar.mp3	f6a16b24-92fb-473a-8b25-8a6517a99401	Raga  Bahar	Kumar Gandharv	The Genius Of Pt. Kumar Gandharv
Kumar_Gandharv/The_Genius_Of_Pt__Kumar_Gandharv/2_01_Raga_Bhavamat_Bhairav.mp3	f5b82628-7f4c-48fa-9c4b-199f1727d492	Raga Bhavamat Bhairav	Kumar Gandharv	The Genius Of Pt. Kumar Gandharv
Kumar_Gandharv/The_Genius_Of_Pt__Kumar_Gandharv/2_02_Raga_Beehad_Bhairav.mp3	be5b6c25-076d-458a-90e4-bf85b859905c	Raga Beehad Bhairav	Kumar Gandharv	The Genius Of Pt. Kumar Gandharv
Kumar_Gandharv/The_Genius_Of_Pt__Kumar_Gandharv/2_03_Raga_Ahir_Bhairav.mp3	f93a15cf-8ec1-43c7-b7e3-b48f5369dee4	Raga Ahir Bhairav	Kumar Gandharv	The Genius Of Pt. Kumar Gandharv
Kumar_Gandharv/The_Genius_Of_Pt__Kumar_Gandharv/2_04_Raga_Saheli_Todi.mp3	fc912b6f-9ec0-499b-8425-c7d8ce4bc35e	Raga Saheli Todi	Kumar Gandharv	The Genius Of Pt. Kumar Gandharv
Kumar_Gandharv/The_Genius_Of_Pt__Kumar_Gandharv/3_01_Raga__Puriya_Dhanashri.mp3	1caf7cef-ae50-4a96-ac5b-31519ec5f839	Raga  Puriya Dhanashri	Kumar Gandharv	The Genius Of Pt. Kumar Gandharv
Kumar_Gandharv/The_Genius_Of_Pt__Kumar_Gandharv/3_02_Raga_Chaiti_Bhoop.mp3	a60a0e7a-a9d7-4669-b1c7-43d8dc7af1aa	Raga Chaiti Bhoop	Kumar Gandharv	The Genius Of Pt. Kumar Gandharv
Kumar_Gandharv/The_Genius_Of_Pt__Kumar_Gandharv/3_03_Raga__Nand.mp3	159ddc99-6fd9-46bb-bf16-5b6c02baa27d	Raga  Nand	Kumar Gandharv	The Genius Of Pt. Kumar Gandharv
Kumar_Gandharv/The_Genius_Of_Pt__Kumar_Gandharv/3_04_Raga_Kalyan.mp3	9f1e89b9-1dd7-494d-ada5-f879e6941cd0	Raga Kalyan	Kumar Gandharv	The Genius Of Pt. Kumar Gandharv
Kumar_Gandharv/The_Genius_Of_Pt__Kumar_Gandharv/3_05_Raga__Kamodvanti.mp3	266a4a19-c0f6-4da7-b13f-52a68089b97f	Raga  Kamodvanti	Kumar Gandharv	The Genius Of Pt. Kumar Gandharv
Kumar_Gandharv/The_Genius_Of_Pt__Kumar_Gandharv/3_06_Raga__Sohni.mp3	2c109213-d686-4616-bdda-d1ae0a38e138	Raga  Sohni	Kumar Gandharv	The Genius Of Pt. Kumar Gandharv
Kumar_Gandharv/The_Genius_Of_Pt__Kumar_Gandharv/3_07_Raga__Malavati.mp3	bc329db2-a254-4e7a-a439-3c11090f099f	Raga  Malavati	Kumar Gandharv	The Genius Of Pt. Kumar Gandharv
Kumar_Gandharv/The_Genius_Of_Pt__Kumar_Gandharv/3_08_Raga_Sohni_Bhatiyar.mp3	a2d02d9b-c3e6-44ea-9502-7f40d5e2cf08	Raga Sohni Bhatiyar	Kumar Gandharv	The Genius Of Pt. Kumar Gandharv
Kumar_Gandharv/The_Genius_Of_Pt__Kumar_Gandharv/3_09_Kabeer_Bhajan.mp3	cec8f2b1-37b1-44bb-a2e3-175f76284cca	Kabeer Bhajan	Kumar Gandharv	The Genius Of Pt. Kumar Gandharv
Kumar_Gandharv/The_Genius_Of_Pt__Kumar_Gandharv/3_10_Gorakhnath_Bhajan.mp3	b7ef3534-fe32-4e46-a8d9-3d0ae91163bc	Gorakhnath Bhajan	Kumar Gandharv	The Genius Of Pt. Kumar Gandharv
Malini_Rajurkar/Classical_Vocal/1_01_Raga_Bageshree.mp3	bf3e009b-5d36-46a2-8fde-3c019c9fef1a	Raga Bageshree	Malini Rajurkar	Classical Vocal
Malini_Rajurkar/Classical_Vocal/1_02_Raga_Malkauns.mp3	f149cad0-c5af-48d6-a726-ef3badb0169a	Raga Malkauns	Malini Rajurkar	Classical Vocal
Mallikarjun_Mansur/First_Time_on_CD/1_01_Raga___Bahaduri_Todi.mp3	96221f5b-9a88-4b1f-8825-87f4050e3573	Raga : Bahaduri Todi	Mallikarjun Mansur	First Time on CD
Mallikarjun_Mansur/First_Time_on_CD/1_02_Raga___Gaud_Malhar.mp3	2f76f164-f02c-4b22-8bc0-4fe5500039b1	Raga : Gaud Malhar	Mallikarjun Mansur	First Time on CD
Mallikarjun_Mansur/First_Time_on_CD/1_03_Raga__Yamani_Bilawal.mp3	2d3d6b6a-11f1-4fa8-a54d-71e49a1f26d9	Raga: Yamani Bilawal	Mallikarjun Mansur	First Time on CD
Mukul_Shivaputra_Bhanumatey/Hindustani_Vocal/1_01_Raga_Bageshri.mp3	c12784d9-c5d7-4883-adae-8140551480c4	Raga Bageshri	Mukul Shivaputra Bhanumatey	Hindustani Vocal
Mukul_Shivaputra_Bhanumatey/Hindustani_Vocal/1_02_Raga_Bihagda.mp3	22aeb946-5f00-4cda-9606-cbaab477813a	Raga Bihagda	Mukul Shivaputra Bhanumatey	Hindustani Vocal
Nayan_Ghosh/Sanskriti/1_01_Rag_Jhinjhoti_-_Alap_Jod__Jhala.mp3	b5be778f-d5e9-4498-88ab-35fcff0767f9	Rag:Jhinjhoti - Alap, Jod, & Jhala	Nayan Ghosh	Sanskriti
Nayan_Ghosh/Sanskriti/1_02_Rag_Jhinjhoti_-_Vilambit__Drut_Teental.mp3	c0a6972e-0466-4519-83e5-63b82e591d6b	Rag:Jhinjhoti - Vilambit & Drut Teental	Nayan Ghosh	Sanskriti
Sultan_Khan_And_Zakir_Hussain/Sur_Taal/1_01_Raga_Naat_Bhairav.mp3	e09bbc4c-ce66-424f-b5c0-bc32c9d01281	Raag Nat Bhairav	Ustad Sultan Khan & Zakir Hussain	Sur Taal
Sultan_Khan_And_Zakir_Hussain/Sur_Taal/1_02_Raga_Maand.mp3	c79351be-ad99-4991-bc44-a2c0261d5900	Raag Maand	Ustad Sultan Khan & Zakir Hussain	Sur Taal
Sultan_Khan_And_Zakir_Hussain/Sur_Taal/1_03_Raga_Hemant.mp3	0440d9dd-3c28-4609-99d4-bb0031b610ef	Raag Hemant	Ustad Sultan Khan & Zakir Hussain	Sur Taal
Sultan_Khan_And_Zakir_Hussain/Sur_Taal/1_04_Raga_Basant.mp3	891f1df3-3569-4a84-a95d-36bad82f2f4f	Raag Basant	Ustad Sultan Khan & Zakir Hussain	Sur Taal
Sultan_Khan_And_Zakir_Hussain/Sur_Taal/1_05_Raga_Des.mp3	5235d552-4fa7-4b7c-971b-059e2ae2edce	Raag Des	Ustad Sultan Khan & Zakir Hussain	Sur Taal
Prabha_Atre/Chaitanya/1_01_Raga_Miyan_Malhar__Khayal.mp3	3ce024ce-395c-45a7-9236-ac282eb21aa3	Raga Miyan Malhar: Khayal	Prabha Atre	Chaitanya
Prabha_Atre/Chaitanya/1_02_Raga_Mishra_Pilu__Kajri.mp3	3412a602-bb1d-4167-86fc-6f28aec2d0e6	Raga Mishra Pilu: Kajri	Prabha Atre	Chaitanya
Ram_Narayan/Pt__Ram_Narayan_(Sarangee_Wadan)/1_01_Raga-Bhatiya_(Vilambit_Rachana_-_Teentaal___Drut_Rachana_-_Teentaal).mp3	4dfe9b42-c17e-4fe4-b0d0-acf7644d15b9	Raga-Bhatiya (Vilambit Rachana - Teentaal / Drut Rachana - Teentaal)	Ram Narayan	Pt. Ram Narayan (Sarangee Wadan)
Ram_Narayan/Pt__Ram_Narayan_(Sarangee_Wadan)/1_02_Raga__Madhuwanti_(Maddhyalaya_Zaptaal).mp3	d8c1f463-717b-428c-bcbe-b53e5c30fec4	Raga: Madhuwanti (Maddhyalaya Zaptaal)	Ram Narayan	Pt. Ram Narayan (Sarangee Wadan)
Ram_Narayan/Pt__Ram_Narayan_(Sarangee_Wadan)/1_03_Mishra_Khamal_Thumri.mp3	bb803be7-d31a-4c10-a576-328bab0e1b40	Mishra Khamal Thumri	Ram Narayan	Pt. Ram Narayan (Sarangee Wadan)
Rashid_Khan/Classical_Wonders_of_India_-_Ustad_Rashid_Khan/1_01_Raga_Kausi_Kanhara.mp3	39e58915-e08b-4cb6-9cb2-3ba21be73b1c	Raga Kausi Kanhara	Rashid Khan	Classical Wonders of India - Ustad Rashid Khan
Rashid_Khan/Classical_Wonders_of_India_-_Ustad_Rashid_Khan/1_02_Kausi_Dhwani.mp3	1bf06456-202c-46c8-a715-fa9e5e4aec53	Kausi Dhwani	Rashid Khan	Classical Wonders of India - Ustad Rashid Khan
Rashid_Khan/The_Genius_Of_Ustad_Rashid_Khan/1_01_Raga_-_Ahir_Bhairav.mp3	def59da7-8d7b-4047-b16c-eeee65482e87	Raga - Ahir Bhairav	Rashid Khan	The Genius Of Ustad Rashid Khan
Rashid_Khan/The_Genius_Of_Ustad_Rashid_Khan/1_02_Raga_-_Malkauns.mp3	f5d3cea0-50ad-461f-9aa2-20f2434ae1e8	Raga - Malkauns	Rashid Khan	The Genius Of Ustad Rashid Khan
Rashid_Khan/The_Genius_Of_Ustad_Rashid_Khan/1_03_Raga_-_Kaushik_Dhwani.mp3	e158ed77-16da-4c89-ba57-1082fd42b7b3	Raga - Kaushik Dhwani	Rashid Khan	The Genius Of Ustad Rashid Khan
Rashid_Khan/The_Genius_Of_Ustad_Rashid_Khan/2_01_Raga_Bilaskhani_Todi_-_Teen_Taal_-__Kahe_Karat_Mose_Jhagra_.mp3	cea23091-929c-41b8-ba26-9f6a7b8f9742	Raga Bilaskhani Todi - Teen Taal - "Kahe Karat Mose Jhagra"	Rashid Khan	The Genius Of Ustad Rashid Khan
Rashid_Khan/The_Genius_Of_Ustad_Rashid_Khan/2_02_Raga_Purvi_-_Teen_Taal.mp3	2bc8f587-6d0d-49f3-851f-eeb76bfdb5db	Raga Purvi - Teen Taal	Rashid Khan	The Genius Of Ustad Rashid Khan
Rashid_Khan/The_Genius_Of_Ustad_Rashid_Khan/2_03_Raga_Hamir_-_Tarana_Ek_Taal_-__Deem_Dara_Dir_Dir_.mp3	b4483a64-c5da-43bd-b30a-b609b02104e6	Raga Hamir - Tarana Ek Taal - "Deem Dara Dir Dir"	Rashid Khan	The Genius Of Ustad Rashid Khan
Rashid_Khan/The_Genius_Of_Ustad_Rashid_Khan/3_01_Raga_Saraswati_-_Khayal_Vilambit_Ek_Taal_-__More_Man_Bhaaye__-_Khayal_Drut_Teen_Taal_-__Tum_Bina_Suna_Sab_Sansar_.mp3	a1dfcda1-65e3-46cf-b1a3-692c675f68bd	Raga Saraswati - Khayal Vilambit Ek Taal - "More Man Bhaaye" - Khayal Drut Teen Taal - "Tum Bina Suna Sab Sansar"	Rashid Khan	The Genius Of Ustad Rashid Khan
Rashid_Khan/The_Genius_Of_Ustad_Rashid_Khan/3_02_Raga_Darbari_Kanada_-_Vilambit_Khayal_In_Ek_Iaal_-_Drut_Khayal_In_Teen_Taal.mp3	01df0bee-b090-4b1d-bbdc-84e1c436635b	Raga Darbari Kanada - Vilambit Khayal In Ek Iaal - Drut Khayal In Teen Taal	Rashid Khan	The Genius Of Ustad Rashid Khan
Rashid_Khan/The_Genius_Of_Ustad_Rashid_Khan/3_03_Raga_Deshkar_-_Teen_Taal.mp3	19858799-591a-41b8-b9f2-5a1fc5273ec0	Raga Deshkar - Teen Taal	Rashid Khan	The Genius Of Ustad Rashid Khan
Rattan_Mohan_Sharma/Tomorrow's_Maestro/1_01_Raga___Puriya.mp3	264c81c3-cb6b-4a47-91a2-6cadec8d4c15	Raga : Puriya	Rattan Mohan Sharma	Tomorrow's Maestro
Rattan_Mohan_Sharma/Tomorrow's_Maestro/1_02_Raga___Megh.mp3	955c6d5a-670e-44bd-bd3a-338c491e0165	Raga : Megh	Rattan Mohan Sharma	Tomorrow's Maestro
Ravi_shankar/Three_Ragas/1_01_Raga_Jog.mp3	d7a7bfba-daa6-4320-9023-fa96661d79ed	Raga Jog	Ravi Shankar	Three Ragas
Ravi_shankar/Three_Ragas/1_02_Raga_Ahir_Bhairav.mp3	c83ad9b3-f4b4-418d-8395-dbfef0d0c70b	Raga Ahir Bhairav	Ravi Shankar	Three Ragas
Ravi_shankar/Three_Ragas/1_03_Raga_Simhendra_Madhyamam.mp3	10e7ffd2-553a-4c30-a4e4-fbcf39565888	Raga Simhendra Madhyamam	Ravi Shankar	Three Ragas
Sabri_Khan/Immortal_Series__Sarangi_Maestro/1_01_Raga_Gaud_Sarang.mp3	735a30e3-39a3-4579-9f50-681fdc5a0535	Raga Gaud Sarang	Sabri Khan	Immortal Series: Sarangi Maestro
Sabri_Khan/Immortal_Series__Sarangi_Maestro/1_02_Raga_Multani.mp3	e4dfffeb-169e-4495-921e-7fdcee4e1dd7	Raga Multani	Sabri Khan	Immortal Series: Sarangi Maestro
Sabri_Khan/Immortal_Series__Sarangi_Maestro/1_03_Raga_Puria_Kalyan.mp3	dc83db56-5d6a-47b1-acbd-292565441216	Raga Puria Kalyan	Sabri Khan	Immortal Series: Sarangi Maestro
Sabri_Khan/Immortal_Series__Sarangi_Maestro/1_04_Raga_Marubihag.mp3	54d6c0a9-d94c-46ff-bc84-6c88d6219466	Raga Marubihag	Sabri Khan	Immortal Series: Sarangi Maestro
Sabri_Khan/Immortal_Series__Sarangi_Maestro/1_05_Raga_Pancham.mp3	0b29d7fc-9499-4e4f-87a1-869ec8da7ab0	Raga Pancham	Sabri Khan	Immortal Series: Sarangi Maestro
Shrinivas_Joshi/Swarakruti/1_01_Introductary_Commentary.mp3	3316fa52-f394-4894-9f8d-7cf25674ec28	Introductary Commentary	Shrinivas Joshi	Swarakruti
Shrinivas_Joshi/Swarakruti/1_02_Raga_Yaman.mp3	58dfac49-8071-4dac-ac84-54974b292524	Raga Yaman	Shrinivas Joshi	Swarakruti
Shrinivas_Joshi/Swarakruti/1_03_Commentary.mp3	8f17a8ac-7902-4f66-a1ee-9a183889bb39	Commentary	Shrinivas Joshi	Swarakruti
Shrinivas_Joshi/Swarakruti/1_04_Raga_Marwa.mp3	6504d224-d5e7-4353-841f-47adfcda0bd3	Raga Marwa	Shrinivas Joshi	Swarakruti
Shrinivas_Joshi/Swarakruti/1_05_Commentary.mp3	7ce18364-bd0d-4e06-a341-3918f8fd1992	Commentary	Shrinivas Joshi	Swarakruti
Shrinivas_Joshi/Swarakruti/1_06_Raga_Shankara.mp3	bc4be632-4cf6-4816-b60e-ff73ac3f4420	Raga Shankara	Shrinivas Joshi	Swarakruti
Shrinivas_Joshi/Swarakruti/1_07_Commentary.mp3	3e850743-5988-4796-b353-0d9d6daf4ed6	Commentary	Shrinivas Joshi	Swarakruti
Shrinivas_Joshi/Swarakruti/1_08_Raga_Basant_Mukhari.mp3	daff4e13-8b14-4ce5-8c32-129cc52f2f5d	Raga Basant Mukhari	Shrinivas Joshi	Swarakruti
Shrinivas_Joshi/Swarakruti/1_09_Commentary.mp3	b4ca3688-628a-4aa6-8289-378595cd260d	Commentary	Shrinivas Joshi	Swarakruti
Shrinivas_Joshi/Swarakruti/1_10_Raga_Bageshri.mp3	2fb235c2-25a0-4f1c-b0ce-25367eaa4028	Raga Bageshri	Shrinivas Joshi	Swarakruti
Shrinivas_Joshi/Swarakruti/1_11_Commentary.mp3	ff403183-60ce-4afb-adc6-4a3175d87804	Commentary	Shrinivas Joshi	Swarakruti
Shrinivas_Joshi/Swarakruti/1_12_Raga_Mishra_Khamaj.mp3	f21955ab-9cb2-44d7-a17a-1755333326fb	Raga Mishra Khamaj	Shrinivas Joshi	Swarakruti
Shrinivas_Joshi/Swarakruti/2_01_Commentary.mp3	40b81dcf-9624-435a-9ac6-67122e78befd	Commentary	Shrinivas Joshi	Swarakruti
Shrinivas_Joshi/Swarakruti/2_02_Raga_Darbari_Kanada.mp3	f2de1165-9130-41f1-9b4c-ff967fe45f90	Raga Darbari Kanada	Shrinivas Joshi	Swarakruti
Shrinivas_Joshi/Swarakruti/2_03_Commentary.mp3	e0fcb76c-3257-4874-b825-3faf8a507d92	Commentary	Shrinivas Joshi	Swarakruti
Shrinivas_Joshi/Swarakruti/2_04_Raga_Chhayanat.mp3	37dd8430-279d-436c-a693-33b8c418f4e9	Raga Chhayanat	Shrinivas Joshi	Swarakruti
Shrinivas_Joshi/Swarakruti/2_05_Commentary.mp3	ca8cf796-275a-4e0d-9a6a-69a5beb99838	Commentary	Shrinivas Joshi	Swarakruti
Shrinivas_Joshi/Swarakruti/2_06_Raga_Megh.mp3	2563c40a-b96d-4f95-af77-e716670d95fe	Raga Megh	Shrinivas Joshi	Swarakruti
Shrinivas_Joshi/Swarakruti/2_07_Commentary.mp3	6638dc0d-031e-45af-a0f8-25a6ed01425e	Commentary	Shrinivas Joshi	Swarakruti
Shrinivas_Joshi/Swarakruti/2_08_Raga_Gaud_Sarang.mp3	9b369eb5-d9ec-4de4-9f35-02c25abe7743	Raga Gaud Sarang	Shrinivas Joshi	Swarakruti
Shrinivas_Joshi/Swarakruti/2_09_Commentary.mp3	bd3f1d4d-a8db-42e0-8971-3cb35ab1d564	Commentary	Shrinivas Joshi	Swarakruti
Shrinivas_Joshi/Swarakruti/2_10_Raga_Jog.mp3	a7f6551d-9696-4713-becb-b22acf71a7db	Raga Jog	Shrinivas Joshi	Swarakruti
Shrinivas_Joshi/Swarakruti/2_11_Commentary.mp3	6835f2e6-d277-47d4-b450-116e39ef88bb	Commentary	Shrinivas Joshi	Swarakruti
Shrinivas_Joshi/Swarakruti/2_12_Raga_Des.mp3	b52a2b20-cb66-4bc7-8560-96d0eb2ebf08	Raga Des	Shrinivas Joshi	Swarakruti
Shruti_Sadolikar/Khayal/1_01_Raga_-_Bilaskhani_Todi.mp3	cdd148c7-07e4-46c9-88d9-fbbfcea2edf5	Raga - Bilaskhani Todi	Shruti Sadolikar	Khayal
Shruti_Sadolikar/Khayal/1_02_Raga_-_Tilak_Kamod.mp3	7a746d63-7025-44b4-87d6-c7440e5fb9a2	Raga - Tilak Kamod	Shruti Sadolikar	Khayal
Shruti_Sadolikar/Khayal/1_03_Raga_-_Dhani.mp3	219ed2bb-52d5-4c07-8dbf-ee72105e81ed	Raga - Dhani	Shruti Sadolikar	Khayal
Shubha_Mudgal/Divas__Once_Upon_a_Time/1_01_Hameer.mp3	7b8c396b-bd96-449c-899c-1db06fead2e0	Hameer	Shubha Mudgal	Divas: Once Upon a Time
Shubha_Mudgal/Divas__Once_Upon_a_Time/1_02_Madhuvanti.mp3	b2456c14-8db5-4d11-bf23-ec360b33d242	Madhuvanti	Shubha Mudgal	Divas: Once Upon a Time
Shubha_Mudgal/Divas__Once_Upon_a_Time/1_03_Laagi_Mohe_Ram.mp3	6bbe6afb-8ec4-452c-aff3-d54e8c1bb04a	Laagi Mohe Ram	Shubha Mudgal	Divas: Once Upon a Time
Suhasini_Koratkar/Streets_Of_Bhendi_Bazar/1_01_Raga_Marwa.mp3	f4c79456-b33a-4942-8a20-627489570830	Raga Marwa	Suhasini Koratkar	Streets Of Bhendi Bazar
Suhasini_Koratkar/Streets_Of_Bhendi_Bazar/1_02_Raga_Pratapvarali.mp3	4c9a09c7-ba77-4092-a357-bbd310bc2050	Raga Pratapvarali	Suhasini Koratkar	Streets Of Bhendi Bazar
Suhasini_Koratkar/Streets_Of_Bhendi_Bazar/1_03_Thumri_Bhairavi.mp3	8bbb44c9-4993-49e6-9cbc-c3be9b22eb78	Thumri Bhairavi	Suhasini Koratkar	Streets Of Bhendi Bazar
Uday_Bhawalkar/Anuranan/1_01_Ahir_Bhairav_-_Alap.mp3	934c79e8-8577-47f9-8380-f628944af911	Ahir Bhairav - Alap	Uday Bhawalkar	Anuranan
Uday_Bhawalkar/Anuranan/1_02_Ahir_Bhairav_-_Bandish.mp3	24ebe543-4197-4f7e-9be7-d6db7d1c4f2c	Ahir Bhairav - Bandish	Uday Bhawalkar	Anuranan
Uday_Bhawalkar/Anuranan/1_03_Desi_-_Bandish.mp3	8dc7807d-2752-444e-874c-ede22d32bacb	Desi - Bandish	Uday Bhawalkar	Anuranan
Ulhas_Kashalkar/Khayalnuma/1_01_Malkauns.mp3	56e1cd58-0a1d-4a41-9c9a-12b99985514e	Malkauns	Ulhas Kashalkar	Khayalnuma
Ulhas_Kashalkar/Khayalnuma/1_02_Basant_Bahar.mp3	5c89beb8-a496-4ccb-8039-2260f141f7bb	Basant Bahar	Ulhas Kashalkar	Khayalnuma
Ulhas_Kashalkar/Khayalnuma/1_03_Des.mp3	c8724201-ecfd-44be-af53-5f436564d062	Des	Ulhas Kashalkar	Khayalnuma
Ulhas_Kashalkar/Live_At_Sunny_Towers/1_01_Raga_Basanti_Kedar.mp3	1135a240-fe5b-4205-b299-3fe52742efa1	Raga Basanti Kedar	Ulhas Kashalkar	Live At Sunny Towers
Ulhas_Kashalkar/Live_At_Sunny_Towers/1_02_Raga_Kafi_Kanada.mp3	280d22fb-1f69-438a-94c6-dfc71100ebc6	Raga Kafi Kanada	Ulhas Kashalkar	Live At Sunny Towers
Ulhas_Kashalkar/Mellow_Moods/1_01_Raga_Lalit_(Shuddha_Dhaivat).mp3	51fe3552-b72f-400b-939b-19683f6680c8	Raga Lalit (Shuddha Dhaivat)	Ulhas Kashalkar	Mellow Moods
Ulhas_Kashalkar/Mellow_Moods/1_02_Raga_-_Darbari_Kanada.mp3	91bbdaa0-551d-454b-97f3-67c89c72f8d5	Raga - Darbari Kanada	Ulhas Kashalkar	Mellow Moods
N__Rajam/Master_Pieces/1_01_Raga_Deshi.mp3	b289bef6-c95c-4b69-b2bf-839bb2bb1a45	Raga Deshi	N. Rajam	Master Pieces
N__Rajam/Master_Pieces/1_02_Raga_Gunakri.mp3	dd41fd02-28b3-4ede-8e45-43155d399aea	Raga Gunakri	N. Rajam	Master Pieces
N__Rajam/Master_Pieces/1_03_Bhajan_-_Surdasji.mp3	26059af3-5785-424f-929e-fd150ea101eb	Bhajan - Surdasji	N. Rajam	Master Pieces
Omkarnath_Thakur/Heritage_-_Raga_Lalit/1_01_Raga__Lalit_(Bada_Khayal_In_Vilambit_Ek_Taal)_Raien_Ka_Sapna.mp3	ead345d2-0314-4a4a-bfb6-d65510e06aba	Raga: Lalit (Bada Khayal In Vilambit Ek Taal) Raien Ka Sapna	Omkarnath Thakur	Heritage - Raga Lalit
Omkarnath_Thakur/Heritage_-_Raga_Lalit/1_02_Raga__Lalit_(Chhota_Khayal_In_Teen_Taal)_Piyu_Piyu_Ratat_Papihara.mp3	e155b6c3-eb87-4522-9bf8-93bf74697fb4	Raga: Lalit (Chhota Khayal In Teen Taal) Piyu Piyu Ratat Papihara	Omkarnath Thakur	Heritage - Raga Lalit
Omkarnath_Thakur/The_Great_Heritage__Pt__Omkarnath_Thakur/1_01_Raga_Todi__garwa_Main_Sang_Laagi.mp3	5fdfae7a-f92f-48d8-ae05-bee1cd2f6f18	Raga Todi: garwa Main Sang Laagi	Omkarnath Thakur	The Great Heritage: Pt. Omkarnath Thakur
Omkarnath_Thakur/The_Great_Heritage__Pt__Omkarnath_Thakur/1_02_Raga_Desi_Todi__kadam_Ki_Chhaiya.mp3	5bf2baee-7d00-49bd-988f-59aaea43f2db	Raga Desi Todi: kadam Ki Chhaiya	Omkarnath Thakur	The Great Heritage: Pt. Omkarnath Thakur
Omkarnath_Thakur/The_Great_Heritage__Pt__Omkarnath_Thakur/1_03_Raga_Deshkar__jhanjariya_Jhanke.mp3	2e64e3da-7615-4a37-b072-b709ca9ebf7d	Raga Deshkar: jhanjariya Jhanke	Omkarnath Thakur	The Great Heritage: Pt. Omkarnath Thakur
Omkarnath_Thakur/The_Great_Heritage__Pt__Omkarnath_Thakur/1_04_Raga_Sughrai__mai_Kanth_Morwa.mp3	4ae579b3-d7bb-4b8a-9b25-9ec14c2db4b0	Raga Sughrai: mai Kanth Morwa	Omkarnath Thakur	The Great Heritage: Pt. Omkarnath Thakur
Omkarnath_Thakur/The_Great_Heritage__Pt__Omkarnath_Thakur/1_05_Raga_Tankeshri__malan_Laaye_Chun_Chun_Kaliyan.mp3	6d3a8b3e-76d5-44ba-84cc-e36f815c444a	Raga Tankeshri: malan Laaye Chun Chun Kaliyan	Omkarnath Thakur	The Great Heritage: Pt. Omkarnath Thakur
Omkarnath_Thakur/The_Great_Heritage__Pt__Omkarnath_Thakur/1_06_Tilang_Thumri__nanadiya_Kaise_Neer_Bharun.mp3	892256ab-c2b9-4d32-8eb6-f8139eb8d35d	Tilang Thumri: nanadiya Kaise Neer Bharun	Omkarnath Thakur	The Great Heritage: Pt. Omkarnath Thakur
Omkarnath_Thakur/The_Great_Heritage__Pt__Omkarnath_Thakur/1_07_Raga_Nilambari__mitwa_Balmwa.mp3	bd0b656f-ef30-45fa-87ad-8b531724f99e	Raga Nilambari: mitwa Balmwa	Omkarnath Thakur	The Great Heritage: Pt. Omkarnath Thakur
Omkarnath_Thakur/The_Great_Heritage__Pt__Omkarnath_Thakur/1_08_Raga_Champak__Ae_Mag_Jai_Ho.mp3	d7993595-2312-4a94-b565-debdc435fdaf	Raga Champak: Ae Mag Jai Ho	Omkarnath Thakur	The Great Heritage: Pt. Omkarnath Thakur
Omkarnath_Thakur/The_Great_Heritage__Pt__Omkarnath_Thakur/1_09_Raga_Shuddha_Kalyan__bolan_Laage_Nanadiya.mp3	fc0f2ff1-d8e6-4bb0-bae7-fa91e5c933f5	Raga Shuddha Kalyan: bolan Laage Nanadiya	Omkarnath Thakur	The Great Heritage: Pt. Omkarnath Thakur
Omkarnath_Thakur/The_Great_Heritage__Pt__Omkarnath_Thakur/1_10_Raga_Shuddha_Nat__kahat_Ho_Mose.mp3	b9f0679c-f3fd-4492-8d92-0cfccfd22f27	Raga Shuddha Nat: kahat Ho Mose	Omkarnath Thakur	The Great Heritage: Pt. Omkarnath Thakur
Omkarnath_Thakur/The_Great_Heritage__Pt__Omkarnath_Thakur/2_01_Raga_Devgiri_Bilawal__Banna_Pyara.mp3	3bcc924c-1164-4a55-8db9-283190dbbf37	Raga Devgiri Bilawal: Banna Pyara	Omkarnath Thakur	The Great Heritage: Pt. Omkarnath Thakur
Omkarnath_Thakur/The_Great_Heritage__Pt__Omkarnath_Thakur/2_02_Raga_Multani__Surajan_Matwala.mp3	60d2e413-42b4-45b2-b361-6d197c862686	Raga Multani: Surajan Matwala	Omkarnath Thakur	The Great Heritage: Pt. Omkarnath Thakur
Omkarnath_Thakur/The_Great_Heritage__Pt__Omkarnath_Thakur/2_03_Raga_Malkauns__Pir_Na_Jani_Pag_Ghungru_Baandh.mp3	ac75fce9-c8e8-4e81-9a15-2448b05eff17	Raga Malkauns: Pir Na Jani, Pag Ghungru Baandh	Omkarnath Thakur	The Great Heritage: Pt. Omkarnath Thakur
Omkarnath_Thakur/The_Great_Heritage__Pt__Omkarnath_Thakur/2_04_Kabir_Bhajan__Amar_Woh_Desh.mp3	615ed10e-91cf-46d3-bc1b-7b6d5592eaaf	Kabir Bhajan: Amar Woh Desh	Omkarnath Thakur	The Great Heritage: Pt. Omkarnath Thakur
Omkarnath_Thakur/The_Great_Heritage__Pt__Omkarnath_Thakur/2_05_Bengali_Kafi__Vande_Mataram.mp3	25a3f2d8-dd00-4a31-8d60-c140e627f4ea	Bengali Kafi: Vande Mataram	Omkarnath Thakur	The Great Heritage: Pt. Omkarnath Thakur
Omkarnath_Thakur/The_Great_Heritage__Pt__Omkarnath_Thakur/2_06_Bhajan__Main_Nahin_Maakhan_Khayo.mp3	135dd722-6cc9-4dde-be0f-593bd74cc671	Bhajan: Main Nahin Maakhan Khayo	Omkarnath Thakur	The Great Heritage: Pt. Omkarnath Thakur
Omkarnath_Thakur/The_Great_Heritage__Pt__Omkarnath_Thakur/2_07_Kabir_Bhajan__Re_Din_Kaise_Kate_Re.mp3	854c6f98-b444-42ff-aa94-b1c69fba74d8	Kabir Bhajan: Re Din Kaise Kate Re	Omkarnath Thakur	The Great Heritage: Pt. Omkarnath Thakur
Omkarnath_Thakur/The_Great_Heritage__Pt__Omkarnath_Thakur/3_01_Raga_Desi_Todi__Maare_Dere_Aao.mp3	77c41129-142a-4df0-b54e-5870120bc7da	Raga Desi Todi: Maare Dere Aao	Omkarnath Thakur	The Great Heritage: Pt. Omkarnath Thakur
Omkarnath_Thakur/The_Great_Heritage__Pt__Omkarnath_Thakur/3_02_Raga_Desi_Todi__Kadam_Ki_Chhaiya.mp3	0017b1e4-f8d2-49b1-baa7-9c97fd02733e	Raga Desi Todi: Kadam Ki Chhaiya 	Omkarnath Thakur	The Great Heritage: Pt. Omkarnath Thakur
Omkarnath_Thakur/The_Great_Heritage__Pt__Omkarnath_Thakur/3_03_Mishra_Bhairavi__Jogi_Mat_Jaa.mp3	d23ea1a9-a950-4895-9e39-05acd144dc48	Mishra Bhairavi: Jogi Mat Jaa	Omkarnath Thakur	The Great Heritage: Pt. Omkarnath Thakur
