Erol_Sayan/Sizden_Biri_(TRT_Bestekarlar_Albumu)/1-01_Ud_Taksim.mp3	8bdb7335-d9c1-4159-9bed-c58510780bb9	Ud Taksim	Various Artists	Sizden Biri (TRT Bestekarlar Albümü)
Erol_Sayan/Sizden_Biri_(TRT_Bestekarlar_Albumu)/1-02_Gullerin_Rengine_Bir_Bak_Degme_Bulbul_Aglasn.mp3	e5f9a235-be2c-41ac-bf1c-60ccfe8708a4	Güllerin Rengine Bir Bak Değme Bülbül Ağlasın	Various Artists	Sizden Biri (TRT Bestekarlar Albümü)
Erol_Sayan/Sizden_Biri_(TRT_Bestekarlar_Albumu)/1-03_Gule_Sorma_O_Bilmaz_Ask_Sevday.mp3	e298e90a-b9a3-41b4-ad69-170e0198862c	Güle Sorma o Bilmaz Aşkı Sevdayı	Various Artists	Sizden Biri (TRT Bestekarlar Albümü)
Erol_Sayan/Sizden_Biri_(TRT_Bestekarlar_Albumu)/1-04_Kalbe_Dolan_O_Ilk_Baks_Unutulmaz_Unutulmaz.mp3	9e527f70-5369-455f-9d4a-bfed1ce084c3	Kalbe Dolan o İlk Bakış Unutulmaz Unutulmaz	Various Artists	Sizden Biri (TRT Bestekarlar Albümü)
Erol_Sayan/Sizden_Biri_(TRT_Bestekarlar_Albumu)/1-05_Sevgilim_Desen_Bana_(Yalvarrm_Uzme_beni).mp3	dc8fd3be-acaa-4a2a-91f9-7e37c4588189	Sevgilim Desen Bana (Yalvarırım Üzme Beni)	Various Artists	Sizden Biri (TRT Bestekarlar Albümü)
Erol_Sayan/Sizden_Biri_(TRT_Bestekarlar_Albumu)/1-06_Klarnet_Taksimi.mp3	d019caa8-fc98-4eb6-a667-366fc94e6e0c	Klarnet Taksimi	Various Artists	Sizden Biri (TRT Bestekarlar Albümü)
Erol_Sayan/Sizden_Biri_(TRT_Bestekarlar_Albumu)/1-07_Kordon_Boyu_Seyrine_Dustu_(Efe).mp3	c943522c-32d3-4f06-910d-386049d2fe73	Kordon Boyu Seyrine Düştü (Efe)	Various Artists	Sizden Biri (TRT Bestekarlar Albümü)
Erol_Sayan/Sizden_Biri_(TRT_Bestekarlar_Albumu)/1-08_Cumle_Sarklar_Yarm_Gozlerinde.mp3	316533cf-04fd-4416-8f32-ff84becc8a2e	Cümle Şarkılar Yarım Gözlerinde	Various Artists	Sizden Biri (TRT Bestekarlar Albümü)
Erol_Sayan/Sizden_Biri_(TRT_Bestekarlar_Albumu)/1-09_Askn_O_Sihirli_Elini_Hisseder_Gibiyim.mp3	37610c7d-6632-4eab-bd17-9bebd4582af8	Aşkın o Sihirli Elini Hisseder Gibiyim	Various Artists	Sizden Biri (TRT Bestekarlar Albümü)
Erol_Sayan/Sizden_Biri_(TRT_Bestekarlar_Albumu)/1-10_Her_Halinle_Her_Seyinle_Guzelsin_(Gunah_Bende).mp3	8ec6fa41-0627-4b33-819e-bc65886b072d	Her Halinle Her Şeyinle Güzelsin (Günah Bende)	Various Artists	Sizden Biri (TRT Bestekarlar Albümü)
Erol_Sayan/Sizden_Biri_(TRT_Bestekarlar_Albumu)/1-11_Piyano_Taksimi.mp3	b40bbfa5-59a8-4f7e-b909-52139989d448	Piyano Taksimi	Various Artists	Sizden Biri (TRT Bestekarlar Albümü)
Erol_Sayan/Sizden_Biri_(TRT_Bestekarlar_Albumu)/1-12_Hep_Aglatt_Beni_Kaderim.mp3	e2ee2a84-5391-4eca-94bd-f10afcdffd58	Hep Ağlattı Beni Kaderim	Various Artists	Sizden Biri (TRT Bestekarlar Albümü)
Erol_Sayan/Sizden_Biri_(TRT_Bestekarlar_Albumu)/1-13_Ask_Denilen_Atese_Yanalm_m.mp3	385acc87-87ae-4197-ae8b-2226655ba304	Aşk Denilen Ateşe Yanalım Mı	Various Artists	Sizden Biri (TRT Bestekarlar Albümü)
Erol_Sayan/Sizden_Biri_(TRT_Bestekarlar_Albumu)/1-14_Aclr_Gonca_Gul_Yar.mp3	c79290ea-2b38-41d1-ae53-bce6c12682d1	Açılır Gonca Gül Yar	Various Artists	Sizden Biri (TRT Bestekarlar Albümü)
Erol_Sayan/Sizden_Biri_(TRT_Bestekarlar_Albumu)/1-15_Omrumuzun_Bahar_Birlikte_Gecsin.mp3	dbf4ac8b-bf3d-4815-93d7-7873cecf4c3b	Ömrümüzün Baharı Birlikte Geçsin	Various Artists	Sizden Biri (TRT Bestekarlar Albümü)
Erol_Sayan/Sizden_Biri_(TRT_Bestekarlar_Albumu)/2-01_Sedaraban_Saz_Semaisi.mp3	c5080119-f978-4787-be03-47b066d504f9	Şedaraban Saz Semaisi	Various Artists	Sizden Biri (TRT Bestekarlar Albümü)
Erol_Sayan/Sizden_Biri_(TRT_Bestekarlar_Albumu)/2-02_Tambur_Taksimi.mp3	2674b94a-fd02-4bd6-be4e-dd96b4a8c11b	Tambur Taksimi	Various Artists	Sizden Biri (TRT Bestekarlar Albümü)
Erol_Sayan/Sizden_Biri_(TRT_Bestekarlar_Albumu)/2-03_Bir_Dunya_Yarattm_Yalnz_Ikimiz_icin.mp3	630fd170-9e9a-4bc2-a2ac-d7f24f7a9421	Bir Dünya Yarattım Yalnız İkimiz için	Various Artists	Sizden Biri (TRT Bestekarlar Albümü)
Erol_Sayan/Sizden_Biri_(TRT_Bestekarlar_Albumu)/2-04_Aylardr_Gul_Yuzunu_Goremez_Oldum_Senin.mp3	16d87dd4-9cc2-4f8f-ba55-7ca69306aed2	Aylardır Gül Yüzünü Göremez Oldum Senin	Various Artists	Sizden Biri (TRT Bestekarlar Albümü)
Erol_Sayan/Sizden_Biri_(TRT_Bestekarlar_Albumu)/2-05_Istanbulu_Artk_Hic_Sevmiyorum.mp3	789270e5-8f0e-4103-ae5c-981dbacdea5c	İstanbul'u Artık Hiç Sevmiyorum	Various Artists	Sizden Biri (TRT Bestekarlar Albümü)
Erol_Sayan/Sizden_Biri_(TRT_Bestekarlar_Albumu)/2-06_Kadehinde_Zehir_Olsa_Ben_Icerim_Bana_Getir.mp3	25e475e9-9cf4-4500-92c1-fc6abffa12ab	Kadehinde Zehir Olsa Ben İçerim Bana Getir	Various Artists	Sizden Biri (TRT Bestekarlar Albümü)
Erol_Sayan/Sizden_Biri_(TRT_Bestekarlar_Albumu)/2-07_Kanun_Taksimi.mp3	4b8343e6-c0b7-4378-9ff3-717799840931	Kanun Taksimi	Various Artists	Sizden Biri (TRT Bestekarlar Albümü)
Erol_Sayan/Sizden_Biri_(TRT_Bestekarlar_Albumu)/2-08_Isl_Isl_Gozlerinde_Siyah_Sacn_Rengi_Mi_Var_(Cici_Kz).mp3	020be96d-54c2-440e-9e91-c17f242b1dbb	Işıl Işıl Gözlerinde Siyah Saçın Rengi Mi Var (Cici Kız)	Various Artists	Sizden Biri (TRT Bestekarlar Albümü)
Erol_Sayan/Sizden_Biri_(TRT_Bestekarlar_Albumu)/2-09_Gul_Yuzunde_Guller_Solsa_Aglarm.mp3	13b98243-3b50-4a0c-99a6-2f26148bb113	Gül Yüzünde Güller Solsa Ağlarım	Various Artists	Sizden Biri (TRT Bestekarlar Albümü)
Erol_Sayan/Sizden_Biri_(TRT_Bestekarlar_Albumu)/2-10_Her_Seyinle_Guzelsin_Gonullerde_Esersin.mp3	7a616a62-a047-495d-8182-c04e7b182c8a	Her Şeyinle Güzelsin Gönüllerde Esersin	Various Artists	Sizden Biri (TRT Bestekarlar Albümü)
Erol_Sayan/Sizden_Biri_(TRT_Bestekarlar_Albumu)/2-11_Dertli_Ne_Aglayp_Gezersin_Burada.mp3	6826c179-8708-4a2b-bf44-0acda7567244	Dertli Ne Ağlayıp Gezersin Burada	Various Artists	Sizden Biri (TRT Bestekarlar Albümü)
Erol_Sayan/Sizden_Biri_(TRT_Bestekarlar_Albumu)/2-12_Bana_Bir_Ask_Masalndan_Sarklar_Soyle.mp3	cc116a66-96b6-44bc-9157-e63e6421ed10	Bana Bir Aşk Masalından Şarkılar Söyle	Various Artists	Sizden Biri (TRT Bestekarlar Albümü)
Erol_Sayan/Sizden_Biri_(TRT_Bestekarlar_Albumu)/2-13_Su_Gonlumu_Yaralayan_Bu_Bahtm_Karalayan_(Sizden_Biri).mp3	3a359ec6-6ea3-4039-99fa-289e24ff3a70	Şu Gönlümü Yaralayan Bu Bahtımı Karalayan (Sizden Biri)	Various Artists	Sizden Biri (TRT Bestekarlar Albümü)
Hafz_Kemal_Bey/Vasfn_Bu_Resme_Tertip_Ettiler___/01_Allah_Adn_Zikredelim_Evvela.mp3	b98e73ed-5f0d-40e6-83d5-be5e8b3c5697	Allah Adını Zikredelim Evvela	Hafız Kemal Bey	Vasfını Bu Resme Tertip Ettiler…
Hafz_Kemal_Bey/Vasfn_Bu_Resme_Tertip_Ettiler___/02_Ask_Ile_Gel_Imdi_Allah_Diyelim.mp3	620b0798-5020-4cab-9766-52ac16bbe173	Aşk Ile Gel Imdi Allah Diyelim	Hafız Kemal Bey	Vasfını Bu Resme Tertip Ettiler…
Hafz_Kemal_Bey/Vasfn_Bu_Resme_Tertip_Ettiler___/03_Her_Kacam_Anarsam_Seni.mp3	3ad7fa0d-835c-4872-a664-765407d8f454	Her Kaçam Anarsam Seni	Hafız Kemal Bey	Vasfını Bu Resme Tertip Ettiler…
Hafz_Kemal_Bey/Vasfn_Bu_Resme_Tertip_Ettiler___/04_Ey_Azizan_Iste_Baslarz_Soze.mp3	1a7f40d8-09a9-4f68-84cb-94eee706c0a6	Ey Azizan Işte Başlarız Söze	Hafız Kemal Bey	Vasfını Bu Resme Tertip Ettiler…
Hafz_Kemal_Bey/Vasfn_Bu_Resme_Tertip_Ettiler___/05_Hak_Teala_Cun_Yaratt_Ademi.mp3	1874a4b0-6430-40d5-bad5-815165fc699e	Hak Teâlâ Çün Yarattı Adem'i	Hafız Kemal Bey	Vasfını Bu Resme Tertip Ettiler…
Hafz_Kemal_Bey/Vasfn_Bu_Resme_Tertip_Ettiler___/06_Irdi_Ibrahim_u_Ismaile_Hem.mp3	a102d5f4-70ea-42e1-b810-94b6b2d5a27d	İrdi İbrahim ü İsmail'e Hem	Hafız Kemal Bey	Vasfını Bu Resme Tertip Ettiler…
Hafz_Kemal_Bey/Vasfn_Bu_Resme_Tertip_Ettiler___/07_Amine_Hatun_Muhammed_Anesi.mp3	03b4f3c7-634e-4de7-a533-b3840dd5fa03	Âmine Hatun Muhammed Ânesi	Hafız Kemal Bey	Vasfını Bu Resme Tertip Ettiler…
Hafz_Kemal_Bey/Vasfn_Bu_Resme_Tertip_Ettiler___/08_Didi_Gordum_Ol_Habibin_Anesi.mp3	5fd5917c-2fa3-4187-963d-3ec25a062efc	Didi Gördüm Ol Habib'in Ânesi	Hafız Kemal Bey	Vasfını Bu Resme Tertip Ettiler…
Hafz_Kemal_Bey/Vasfn_Bu_Resme_Tertip_Ettiler___/09_Cun_Gorundu_Bana_Bu_Isler_Ayan.mp3	d9f61580-5243-48fd-94a9-e5b9b0a2a59c	Çün Göründü Bana Bu İşler Ayan	Hafız Kemal Bey	Vasfını Bu Resme Tertip Ettiler…
Hafz_Kemal_Bey/Vasfn_Bu_Resme_Tertip_Ettiler___/10_Bu_Gelen_Ilm-i_Ledun_Sultandr.mp3	a65200b3-10bd-4468-9cc8-eaa0ce298e8a	Bu Gelen İlm-i Ledün Sultanıdır	Hafız Kemal Bey	Vasfını Bu Resme Tertip Ettiler…
Hafz_Kemal_Bey/Vasfn_Bu_Resme_Tertip_Ettiler___/11_Ey_Safay-i_Arzndan_Cesm-i_Hursit-i_Ab.mp3	c88aea73-768d-4f31-893b-26fd499420ef	Ey Safây-î Ârızından Çeşm-i Hurşit-i Âb	Hafız Kemal Bey	Vasfını Bu Resme Tertip Ettiler…
Hafz_Kemal_Bey/Vasfn_Bu_Resme_Tertip_Ettiler___/12_Bin_Cefa_Gorsem_Ey_Sanem_Senden.mp3	51b07b0a-efeb-4acc-99f9-02294e88101b	Bin Cefa Görsem Ey Sanem Senden	Hafız Kemal Bey	Vasfını Bu Resme Tertip Ettiler…
Hafz_Kemal_Bey/Vasfn_Bu_Resme_Tertip_Ettiler___/13_Der-Mevc-i_Perisan_ma_Fasla-i_Nist.mp3	82f47e2b-24b9-408c-a7e0-84eb02ef6e30	Der-Mevc-i Perişân mâ Fâsıla-i Nîst	Hafız Kemal Bey	Vasfını Bu Resme Tertip Ettiler…
Hafz_Kemal_Bey/Vasfn_Bu_Resme_Tertip_Ettiler___/14_Nigeh_Gulcin-i_Hasret_Damenim_Purhar-_Minnettir.mp3	69dcc944-3426-4732-a78a-5c5b71f757bf	Nigeh Gülçin-i Hasret Damenim Pürhâr-ı Minnettir	Hafız Kemal Bey	Vasfını Bu Resme Tertip Ettiler…
Hafz_Kemal_Bey/Vasfn_Bu_Resme_Tertip_Ettiler___/15_Asuman_Aglar_Hem_Inler_Girye-bar_Oldukca_Ben.mp3	88bdf023-3b57-47b6-9756-57e561881f6d	Asuman Ağlar Hem İnler Girye-bâr Oldukça Ben	Hafız Kemal Bey	Vasfını Bu Resme Tertip Ettiler…
Hafz_Kemal_Bey/Vasfn_Bu_Resme_Tertip_Ettiler___/16_Sevdi_Gonlum_Ey_Melek_Sima_Seni.mp3	dfc16e22-0aae-4bd0-a32c-5c000130e96a	Sevdi Gönlüm Ey Melek Simâ Seni	Hafız Kemal Bey	Vasfını Bu Resme Tertip Ettiler…
Hafz_Kemal_Bey/Vasfn_Bu_Resme_Tertip_Ettiler___/17_Gonul_Beni_Usandrd_Bana_Yari_Andrd.mp3	40395bbd-a9bc-4b7b-ab6d-a401f5700fe8	Gönül Beni Usandırdı Bana Yâri Andırdı	Hafız Kemal Bey	Vasfını Bu Resme Tertip Ettiler…
Hafz_Kemal_Bey/Vasfn_Bu_Resme_Tertip_Ettiler___/18_Cismin_Gibi_Ruhun_da_Guzel_Zannedip_Ey_Mah.mp3	ede004ae-0c71-44d3-9cf7-576ea3bde28c	Cismin Gibi Ruhun da Güzel Zannedip Ey Mâh	Hafız Kemal Bey	Vasfını Bu Resme Tertip Ettiler…
Hafz_Kemal_Bey/Vasfn_Bu_Resme_Tertip_Ettiler___/19_Gordum_Yuzunu_Gozlerimin_Nuru_Karard.mp3	8d1d3e26-660b-4416-9805-1deba1a736bf	Gördüm Yüzünü Gözlerimin Nuru Karardı	Hafız Kemal Bey	Vasfını Bu Resme Tertip Ettiler…
Hafz_Kemal_Bey/Vasfn_Bu_Resme_Tertip_Ettiler___/20_Zannederdim_Askm_Bir_Suha_Baglasam_Gecer.mp3	f734c25b-6b15-4a20-9196-b1af6946e725	Zannederdim Aşkımı Bir Şuha Bağlasam Geçer	Hafız Kemal Bey	Vasfını Bu Resme Tertip Ettiler…
Hafz_Kemal_Bey/Vasfn_Bu_Resme_Tertip_Ettiler___/21_Ahtm_Olsun_Giymeyeyim_Karalar.mp3	0ca3cad0-ea0d-424a-856f-023df26b2c09	Ahtım Olsun Giymeyeyim Karalar	Hafız Kemal Bey	Vasfını Bu Resme Tertip Ettiler…
Hafz_Kemal_Bey/Vasfn_Bu_Resme_Tertip_Ettiler___/22_Simsir-i_Nigahnla_Vuruldum_Cigerimde.mp3	60f544d2-dec5-459f-97a0-abd4925582bd	Şimşir-i Nigâhınla Vuruldum Ciğerimde	Hafız Kemal Bey	Vasfını Bu Resme Tertip Ettiler…
Hafz_Kemal_Bey/Vasfn_Bu_Resme_Tertip_Ettiler___/23_Saba_Tarf-_Vefadan_Peyam_Yok_Mu.mp3	7c8f6d41-d45f-4c72-9719-92456c820450	Sabâ Tarf-ı Vefâdan Peyam Yok Mu	Hafız Kemal Bey	Vasfını Bu Resme Tertip Ettiler…
Hafz_Kemal_Bey/Vasfn_Bu_Resme_Tertip_Ettiler___/24_Gosterip_Agyare_Lutfun_Bizlere_Biganesin.mp3	f15e55b0-77e3-4e01-9c84-c3a45144c523	Gösterip Ağyare Lutfun Bizlere Bigânesin	Hafız Kemal Bey	Vasfını Bu Resme Tertip Ettiler…
Hafz_Kemal_Bey/Vasfn_Bu_Resme_Tertip_Ettiler___/25_Bir_Hyabandir_ki_Hasret_Kuyi_Canandan_Gecer.mp3	24160c16-e515-48ec-aa3f-e6a87089daf6	Bir Hıyâbandir ki Hasret Kûyi Cânândan Geçer	Hafız Kemal Bey	Vasfını Bu Resme Tertip Ettiler…
Istanbul_Sazendeleri/Sazende_Fasl_1/01_Ussak_Pesrev.mp3	f9f3fe80-1956-4cd5-8213-5b0bef67541c	Uşşak Peşrev	İstanbul Sazendeleri	Sazende Faslı 1
Istanbul_Sazendeleri/Sazende_Fasl_1/02_Ruyineva_Saz_Semaisi.mp3	bffe86dd-9038-438e-b11a-2d424f3b7882	Rûyinevâ Saz Semaisi	İstanbul Sazendeleri	Sazende Faslı 1
Istanbul_Sazendeleri/Sazende_Fasl_1/03_Kanun_Taksimi.mp3	97f86b6d-5694-4b61-b7ac-145aff3204a0	Kanun Taksimi	İstanbul Sazendeleri	Sazende Faslı 1
Istanbul_Sazendeleri/Sazende_Fasl_1/04_Mustear_Saz_Semaisi.mp3	96b04eff-5578-4745-999d-17bfbe5d25db	Müsteâr Saz Semaisi	İstanbul Sazendeleri	Sazende Faslı 1
Istanbul_Sazendeleri/Sazende_Fasl_1/05_Rast_Pesrev.mp3	a847ee23-35e9-43a6-9cd6-fd82c0a7675f	Rast Peşrev	İstanbul Sazendeleri	Sazende Faslı 1
Istanbul_Sazendeleri/Sazende_Fasl_1/06_Rast_Pesrev_(Du-Sems).mp3	b1dcaf90-1be8-48a9-9c18-d0678e9a0bfe	Rast Peşrev (Dü-Şems)	İstanbul Sazendeleri	Sazende Faslı 1
Istanbul_Sazendeleri/Sazende_Fasl_1/07_Ud_Taksimi.mp3	0a4faf3b-4bd0-416b-a7f7-83ca034b2db0	Ud Taksimi	İstanbul Sazendeleri	Sazende Faslı 1
Istanbul_Sazendeleri/Sazende_Fasl_1/08_Bayati_Saat_Pesrevi.mp3	181c15a6-8173-4546-a4f7-c040a70cce7f	Bayati Saat Peşrevi	İstanbul Sazendeleri	Sazende Faslı 1
Istanbul_Sazendeleri/Sazende_Fasl_1/09_Ussak_Pesrev.mp3	30e5e1f9-71e9-4ae6-ae80-5cce0922b15f	Uşşak Peşrev	İstanbul Sazendeleri	Sazende Faslı 1
Istanbul_Sazendeleri/Sazende_Fasl_1/10_Ney-Kemence_Musterek_Taksim.mp3	7e2398e6-39ee-45a9-b0ec-5b0bb86a62b6	Ney-Kemençe Müşterek Taksim	İstanbul Sazendeleri	Sazende Faslı 1
Istanbul_Sazendeleri/Sazende_Fasl_1/11_Pesendide_Saz_Semaisi.mp3	b6f161ba-5dd8-46d7-a0f2-de51533f5b68	Pesendîde Saz Semaisi	İstanbul Sazendeleri	Sazende Faslı 1
Istanbul_Sazendeleri/Sazende_Fasl_1/12_Rast_Pesrev.mp3	1547f0de-a8a1-4599-8b9c-accccda50a2b	Rast Peşrev	İstanbul Sazendeleri	Sazende Faslı 1
Istanbul_Sazendeleri/Sazende_Fasl_1/13_Uzzal_Pesrev.mp3	11b75b76-e1ec-47c8-81d7-afb1682a8f18	Uzzâl Peşrev	İstanbul Sazendeleri	Sazende Faslı 1
Munip_Utand/Seslenisler,_Bekleyisler/01_Kanun_Taksimi.mp3	5c2d9bda-d9e0-4c59-948f-68429c0b4421	Kanun Taksimi	Munip Utandı	"Seslenişler	 Bekleyişler"
Munip_Utand/Seslenisler,_Bekleyisler/02_Omrumce_O_Saf_Askn.mp3	17e9138a-c40a-43a4-aa14-202df39149d4	Ömrümce O Sâf Aşkını	Munip Utandı	"Seslenişler	 Bekleyişler"
Munip_Utand/Seslenisler,_Bekleyisler/03_Soyle_Neden_Agladn.mp3	035e5e29-b705-4bf6-b61b-d856b1800a11	Söyle Neden Ağladın	Munip Utandı	"Seslenişler	 Bekleyişler"
Munip_Utand/Seslenisler,_Bekleyisler/04_Hancer-i_Ebrusu.mp3	c06891bc-df79-469c-8540-1a6ca0dc7fb7	Hançer-i Ebrûsu	Munip Utandı	"Seslenişler	 Bekleyişler"
Munip_Utand/Seslenisler,_Bekleyisler/05_Bir_Esmer_Dilberin.mp3	77c0d9b8-66a3-4b4c-a2b2-c3e6750915fd	Bir Esmer Dilberin	Munip Utandı	"Seslenişler	 Bekleyişler"
Munip_Utand/Seslenisler,_Bekleyisler/06_O_Guzel_Basn.mp3	4bb170e1-8b01-4a21-82ed-4a241667e889	O Güzel Başını	Munip Utandı	"Seslenişler	 Bekleyişler"
Munip_Utand/Seslenisler,_Bekleyisler/07_Meftunun_Oldum.mp3	027ae692-5395-46c3-97bf-78b158286d81	Meftûnun Oldum	Munip Utandı	"Seslenişler	 Bekleyişler"
Munip_Utand/Seslenisler,_Bekleyisler/08_Gecmesin_Gunumuz.mp3	e68a0d69-3aaf-4afd-b193-73c869cb62a9	Geçmesin Günümüz	Munip Utandı	"Seslenişler	 Bekleyişler"
Munip_Utand/Seslenisler,_Bekleyisler/09_Keman_Taksimi.mp3	4a906111-280f-4098-8eab-64300d0382b1	Keman Taksimi	Munip Utandı	"Seslenişler	 Bekleyişler"
Munip_Utand/Seslenisler,_Bekleyisler/10_Krdn_Umidimi.mp3	2b42532a-e236-47b8-92ef-ab335188367c	Kırdın Ümîdimi	Munip Utandı	"Seslenişler	 Bekleyişler"
Munip_Utand/Seslenisler,_Bekleyisler/11_Ayrlk_Umitlerin.mp3	d66e5b99-6628-40aa-8a7a-89a64741941c	Ayrılık Ümitlerin	Munip Utandı	"Seslenişler	 Bekleyişler"
Munip_Utand/Seslenisler,_Bekleyisler/12_Omrum_Seni_Sevmekle.mp3	1b87dc55-d5a5-47d4-8ab0-210c90ea9ca1	Ömrüm Seni Sevmekle	Munip Utandı	"Seslenişler	 Bekleyişler"
Munip_Utand/Seslenisler,_Bekleyisler/13_Zamanla_Belki_Gecer.mp3	5232e0ea-2aa5-4f35-a585-6cea84890b1e	Zamanla Belki Geçer	Munip Utandı	"Seslenişler	 Bekleyişler"
Munip_Utand/Seslenisler,_Bekleyisler/14_Yanyor_Mu_Yesil_Koskun.mp3	9cf6076f-ad4b-4b10-bb46-53e1646c4cc9	Yanıyor Mu Yeşil Köşkün	Munip Utandı	"Seslenişler	 Bekleyişler"
Munip_Utand/Seslenisler,_Bekleyisler/15_Gel_Gitme_Kalmasn_Gozum.mp3	dfc6255e-a3d8-48e1-8735-f605aac3b54c	Gel Gitme Kalmasın Gözüm	Munip Utandı	"Seslenişler	 Bekleyişler"
Munip_Utand/Seslenisler,_Bekleyisler/16_Ud_Taksimi.mp3	af37b309-b57b-4e9c-8e16-bac08919ed56	Ud Taksimi	Munip Utandı	"Seslenişler	 Bekleyişler"
Munip_Utand/Seslenisler,_Bekleyisler/17_Yaz_Gunleri_En_Tatl_Hayaller.mp3	d2dbe0d5-ce19-4d9c-8ebb-3fffdf005cfb	Yaz Günleri En Tatlı Hayâller	Munip Utandı	"Seslenişler	 Bekleyişler"
Munip_Utand/Seslenisler,_Bekleyisler/18_Aglamakla_Inlemekle.mp3	4deef719-e323-4137-8d57-1ca6cf069dd1	Ağlamakla İnlemekle	Munip Utandı	"Seslenişler	 Bekleyişler"
Munip_Utand/Seslenisler,_Bekleyisler/19_Yine_Bu_Yl_Ada_Sensiz.mp3	afb85934-41c2-4cac-8908-d3da09827c48	Yine Bu Yıl Ada Sensiz	Munip Utandı	"Seslenişler	 Bekleyişler"
Munip_Utand/Seslenisler,_Bekleyisler/20_Koklasam_Saclarn.mp3	460ae776-552e-4d00-a06d-ef4fed327225	Koklasam Saçlarını	Munip Utandı	"Seslenişler	 Bekleyişler"
Murat_Aydemir/Murat_Aydemir/01_Isfahan_Taksim.mp3	5216b29a-7a88-4471-9154-cd09ee8fbf35	Isfahan Taksim	Murat Aydemir	Murat Aydemir
Murat_Aydemir/Murat_Aydemir/02_Arazbar-Buselik_Taksim.mp3	aff49ca3-2ecb-4b74-8856-55363c446ecd	Arazbâr-Bûselik Taksim	Murat Aydemir	Murat Aydemir
Murat_Aydemir/Murat_Aydemir/03_Arazbar_Buselik_Saz_Semaisi.mp3	92b24c6a-79a6-4054-babe-179671cef650	Arazbâr-Buselik Saz Semâisi	Murat Aydemir	Murat Aydemir
Murat_Aydemir/Murat_Aydemir/04_Bestenigar_Pesrevi.mp3	3744f788-b36b-4a0e-88bf-b1f344a6640a	Bestenigâr Peşrevi	Murat Aydemir	Murat Aydemir
Murat_Aydemir/Murat_Aydemir/05_Bestenigardan_Evce_Gecis_Taksimi.mp3	0e48eed8-6c39-434c-92cd-7deac0dd6fad	Bestenigâr'dan Evc'e Geçiş Taksimi	Murat Aydemir	Murat Aydemir
Murat_Aydemir/Murat_Aydemir/06_Evc_Saz_Semaisi.mp3	b711fc01-0210-484d-ac37-76ce4431279a	Evc Saz Semâisi	Murat Aydemir	Murat Aydemir
Murat_Aydemir/Murat_Aydemir/07_Suzidilara_Taksim.mp3	64a80b1c-c2c0-4604-9827-e680548934b7	Sûzidilârâ Taksim	Murat Aydemir	Murat Aydemir
Murat_Aydemir/Murat_Aydemir/08_Suzidilara_Saz_Semaisi.mp3	c8b02816-291b-49b0-8623-31a92eef4567	Sûzidilârâ Saz Semaisi	Murat Aydemir	Murat Aydemir
Murat_Aydemir/Murat_Aydemir/09_Hicazkar_Pesrevi.mp3	34b9e2f1-273d-4cbd-bcb7-182a2e87798e	Hicazkâr Peşrevi	Murat Aydemir	Murat Aydemir
Murat_Aydemir/Murat_Aydemir/10_Hicazkar_Taksim.mp3	0cab1871-c8cc-49cb-babc-e2922f0d6549	Hicazkâr Taksim	Murat Aydemir	Murat Aydemir
Murat_Aydemir/Murat_Aydemir/11_Hicazkar_Saz_Semaisi.mp3	66e587cc-f484-4d25-a727-ca0373dd76ff	Hicazkâr Saz Semâisi	Murat Aydemir	Murat Aydemir
Murat_Aydemir/Murat_Aydemir/12_Kurdili-Hicazkar_Pesrevi.mp3	3ac39ef1-83e2-40f2-b51e-c3b826797586	Kürdîli-Hicazkâr Peşrevi	Murat Aydemir	Murat Aydemir
Murat_Aydemir/Murat_Aydemir/13_Kurdili_Hicazkar_Taksim.mp3	6fca9e03-dbb5-467d-8a33-234360643b37	Kürdîli Hicazkâr Taksim	Murat Aydemir	Murat Aydemir
Murat_Aydemir/Murat_Aydemir/14_Kurdili_Hicazkar_Saz_Semaisi.mp3	075a7d4e-ba96-48a8-ad30-f41dd0a7e556	Kürdîli Hicazkâr Saz Semâisi	Murat Aydemir	Murat Aydemir
Murat_Aydemir_&_Derya_Turkan/Ahenk_2/01_Arazbar_Pesrevi.mp3	9a8f768c-a238-4626-aca5-0018b4fde79e	Arazbâr Peşrevi	Murat Aydemir	Ahenk 2
Murat_Aydemir_&_Derya_Turkan/Ahenk_2/02_Musterek_Huseyniye_Gecis_Taksimi.mp3	6168cf01-39a3-4096-b1c1-172e247ac88a	Müşterek Hüseynî'ye Geçiş Taksimi	Murat Aydemir	Ahenk 2
Murat_Aydemir_&_Derya_Turkan/Ahenk_2/03_Ussak_Tanbur_Taksimi.mp3	262055a9-d904-4ac5-91fd-5d76cdf35343	Uşşâk Tanbûr Taksimi	Murat Aydemir	Ahenk 2
Murat_Aydemir_&_Derya_Turkan/Ahenk_2/04_Ussak_Pesrevi.mp3	deeac144-7560-4009-8419-604c5904d8ff	Uşşâk Peşrevi	Murat Aydemir	Ahenk 2
Murat_Aydemir_&_Derya_Turkan/Ahenk_2/05_Ussak_Saz_Semaisi.mp3	e72db0ad-2ed9-467b-88ae-1f91edcd2c59	Uşşâk Saz Semâîsi	Murat Aydemir	Ahenk 2
Murat_Aydemir_&_Derya_Turkan/Ahenk_2/06_Sedd-i_Araban_Pesrevi.mp3	04ea63c9-4919-41b6-b578-28d8fc0ba897	Şedd-i Arabân Peşrevi	Murat Aydemir	Ahenk 2
Murat_Aydemir_&_Derya_Turkan/Ahenk_2/07_Musterek_Sedd-i_Araban_Taksim.mp3	4d58f5bd-6fb0-4065-8b27-d2ac7e19f77e	Müşterek Şedd-i Arabân Taksim	Murat Aydemir	Ahenk 2
Murat_Aydemir_&_Derya_Turkan/Ahenk_2/08__Sedd-i_Araban_Saz_Semaisi.mp3	71a4390f-6024-4f01-808d-a36e6432f9eb	Şedd-i Arabân Saz Semâîsi	Murat Aydemir	Ahenk 2
Murat_Aydemir_&_Derya_Turkan/Ahenk_2/09_Mahur_Kemence_Taksimi.mp3	4befe61b-94c6-4c82-88d1-c9695b36891d	Mâhûr Kemençe Taksimi	Murat Aydemir	Ahenk 2
Murat_Aydemir_&_Derya_Turkan/Ahenk_2/10_Mahur_Pesrevi.mp3	b5e91522-304b-4492-8d5e-7f06a1200f5b	Mâhûr Peşrevi	Murat Aydemir	Ahenk 2
Murat_Aydemir_&_Derya_Turkan/Ahenk_2/11_Musterek_Pesendideye_Gecis_Taksimi.mp3	4371fd18-d074-4a87-bb49-eb0443a60e52	Müşterek Pesendîde'ye Geçiş Taksimi	Murat Aydemir	Ahenk 2
Murat_Aydemir_&_Derya_Turkan/Ahenk_2/12_Pesendide_Saz_Semaisi.mp3	c2b88aef-ce0f-4a8c-909e-640816cab96d	Pesendîde Saz Semâîsi	Murat Aydemir	Ahenk 2
Muzeyyen_Senar/Sarap_Gibi/01_Ussak_Saz_Semaisi.mp3	9a7d391f-90a6-4f2d-a0d2-5e6a5365b149	Uşşak Saz Semaisi	Müzeyyen Senar	Şarap Gibi
Muzeyyen_Senar/Sarap_Gibi/02_Hala_Acyor.mp3	3084788b-ce4a-40e8-954b-974d67a42324	Hala Acıyor	Müzeyyen Senar	Şarap Gibi
Muzeyyen_Senar/Sarap_Gibi/03_Sogudun_Yaprag_Narindir_(Zeynebim).mp3	dda92602-7405-4fda-917e-0120294d49f3	Söğüdün Yaprağı Narindir (Zeynebim)	Müzeyyen Senar	Şarap Gibi
Muzeyyen_Senar/Sarap_Gibi/04_Ormanc.mp3	b591fb5c-e9ce-4841-b1d9-ca072e2afd26	Ormancı	Müzeyyen Senar	Şarap Gibi
Muzeyyen_Senar/Sarap_Gibi/05_Kime_Kin_Ettin.mp3	4332e843-0fb5-47b1-9e13-d01a22ebede9	Kime Kin Ettin	Müzeyyen Senar	Şarap Gibi
Muzeyyen_Senar/Sarap_Gibi/06_Aldrma_Gonul_Aldrma.mp3	7fe3ae39-8089-4999-9bd6-18726d394f9a	Aldırma Gönül Aldırma	Müzeyyen Senar	Şarap Gibi
Muzeyyen_Senar/Sarap_Gibi/07_Ayagnda_Kundura.mp3	1680992b-9c0d-475e-94e5-090a2bcfe3af	Ayağında Kundura	Müzeyyen Senar	Şarap Gibi
Muzeyyen_Senar/Sarap_Gibi/08_Hicaz_Giris_Taksimi_(Kanun).mp3	146bd038-19f5-4c7a-8aa8-2130b1a8d413	Hicaz Giriş Taksimi (Kanun)	Müzeyyen Senar	Şarap Gibi
Muzeyyen_Senar/Sarap_Gibi/09_Tasdi_Ederim_Yari.mp3	71435570-68ac-4175-8c91-f5211680285b	Tasdi Ederim Yari	Müzeyyen Senar	Şarap Gibi
Muzeyyen_Senar/Sarap_Gibi/10_Ates-i_Suzan-_Firkat.mp3	a5e624a4-6b7c-4412-b97b-4475d9e2d5bc	Ateş-i Süzan-ı Firkat	Müzeyyen Senar	Şarap Gibi
Muzeyyen_Senar/Sarap_Gibi/11_Husnune_Guvenme.mp3	ac733b8b-5c4a-4e86-8508-d82ebd257d36	Hüsnüne Güvenme	Müzeyyen Senar	Şarap Gibi
Muzeyyen_Senar/Sarap_Gibi/12_Derdim_Var_Daglar_Gibi.mp3	1c308d30-e2d8-41d0-b592-7edae1254b3a	Derdim Var Dağlar Gibi (Leylam)	Müzeyyen Senar	Şarap Gibi
Muzeyyen_Senar/Sarap_Gibi/13_Vardar_Ovas_Mayadagdan_Kalkan_Kazlar.mp3	8e17a280-c719-41e6-ad18-91b00b6a01d9	Vardar Ovası / Mayadağdan Kalkan Kazlar	Müzeyyen Senar	Şarap Gibi
Muzeyyen_Senar/Sarap_Gibi/14_Ud_Taksimi.mp3	fe8005cd-7577-44bc-8182-01685ff05108	Ud Taksimi	Müzeyyen Senar	Şarap Gibi
Muzeyyen_Senar/Sarap_Gibi/15_Cok_Geceler_Bekledim.mp3	31c63de8-8da8-4da8-9a85-a2ca5ebf1bfe	Çok Geceler Bekledim	Müzeyyen Senar	Şarap Gibi
Necdet_Yasar/Necdet_Yasar_-_Arsiv/01_Ussak_Taksim.mp3	2420cc14-49b9-4b97-8ca8-e80fde3e75d7	Uşşak Taksim	Necdet Yaşar	Necdet Yaşar - Arşiv
Necdet_Yasar/Necdet_Yasar_-_Arsiv/02_Ussak_Saz_Semaisi.mp3	64ab7fb3-e754-4121-b25f-02bedf331380	Uşşak Saz Semaisi	Necdet Yaşar	Necdet Yaşar - Arşiv
Necdet_Yasar/Necdet_Yasar_-_Arsiv/03_Kurdilihicazkara_Gecis_Taksimi.mp3	b5891544-ed03-49bd-bb48-a5787e199f61	Kürdilihicazkâra Geçiş Taksimi	Necdet Yaşar	Necdet Yaşar - Arşiv
Necdet_Yasar/Necdet_Yasar_-_Arsiv/04_Hicaz_Taksim.mp3	d49face6-5216-40b8-959d-6d5b597d20ab	Hicaz Taksim	Necdet Yaşar	Necdet Yaşar - Arşiv
Necdet_Yasar/Necdet_Yasar_-_Arsiv/05_Hicaz_Pesrev.mp3	3577ef76-fe42-41f0-9ce5-205071a0523a	Hicaz Peşrev	Necdet Yaşar	Necdet Yaşar - Arşiv
Necdet_Yasar/Necdet_Yasar_-_Arsiv/06_Nihavend_Taksim.mp3	76738f90-f0a6-40a1-a264-e333d0c24ef0	Nihavend Taksim	Necdet Yaşar	Necdet Yaşar - Arşiv
Necdet_Yasar/Necdet_Yasar_-_Arsiv/07_Segahtan_Huzzama_Gecis_Taksimi.mp3	a60191ef-589a-4769-a7e9-d660fb3fb1ac	Segâhtan Hüzzama Geçiş Taksimi	Necdet Yaşar	Necdet Yaşar - Arşiv
Necdet_Yasar/Necdet_Yasar_-_Arsiv/08_Suzidil_Saz_Semaisi.mp3	1c9bd137-753f-4aba-97c1-d7e56144f236	Suzidil Saz Semaisi	Necdet Yaşar	Necdet Yaşar - Arşiv
Necdet_Yasar/Necdet_Yasar_-_Arsiv/09_Kurdilihicazkardan_Nihavende_Gecis_Taksimi.mp3	f2aaa6a0-4705-4bac-8564-f666046b85de	Kürdilihicazkârdan Nihavende Geçiş Taksimi	Necdet Yaşar	Necdet Yaşar - Arşiv
Necdet_Yasar/Necdet_Yasar_-_Arsiv/10_Bestenigardan_Huzzama_Gecis_Taksimi_ve_Huzzam_Saz_Semaisi.mp3	51638ade-4ff9-4426-9c8d-957b2f2caa62	Bestenigârdan Hüzzama Geçiş Taksimi ve Hüzzam Saz Semaisi	Necdet Yaşar	Necdet Yaşar - Arşiv
Necdet_Yasar/Necdet_Yasar_-_Arsiv/11_Arazbarbuselik_Taksim.mp3	2979c265-ea82-4349-967f-599ae8d9dcea	Arazbarbuselik Taksim	Necdet Yaşar	Necdet Yaşar - Arşiv
Necdet_Yasar/Necdet_Yasar_-_Arsiv/12_Huseyni_Taksim.mp3	5e2bce2b-b588-41bf-ab7d-77391593aaa3	Hüseynî Taksim	Necdet Yaşar	Necdet Yaşar - Arşiv
Necdet_Yasar/Necdet_Yasar_-_Arsiv/13_Dugah-Muhayyersumbule_Taksim.mp3	436bdadd-96c4-4d7d-a3b4-50633c2fd0cd	Dügâh-Muhayyersümbüle Taksim	Necdet Yaşar	Necdet Yaşar - Arşiv
Necdet_Yasar/Necdet_Yasar_-_Arsiv/14_Neveser_Saz_Semaisi.mp3	8d760333-12de-42bc-b5da-76898b99c069	Neveser Saz Semaisi	Necdet Yaşar	Necdet Yaşar - Arşiv
Suleyman_Taspnarl/Kanuni/01_Hicaz_Taksim.mp3	56c47cb1-0a35-41b5-b0ac-3fdb39e717d6	Hicaz Taksim	Süleyman Taşpınarlı	Kanuni
Suleyman_Taspnarl/Kanuni/02_Gulsenin_Husnune_Kimler_Varyor.mp3	afc01bbd-39db-4a16-9a20-5526054395dc	Gülşenin Hüsnüne Kimler Varıyor	Süleyman Taşpınarlı	Kanuni
Suleyman_Taspnarl/Kanuni/03_Karanfil_Oylum_Oylum_-_Istanbul_Turkusu.mp3	dcd36de5-deb7-4041-98fd-f2dfd436bf8d	Karanfil Oylum Oylum - İstanbul Türküsü	Süleyman Taşpınarlı	Kanuni
Suleyman_Taspnarl/Kanuni/04_Yuru_Dilber_Yuru.mp3	a675f95c-887a-4ce3-93b9-04e48e8ed14a	Yürü Dilber Yürü	Süleyman Taşpınarlı	Kanuni
Suleyman_Taspnarl/Kanuni/05_Huzzam_Taksim.mp3	69aabe50-c7aa-4f1e-90f0-3e9293b3d42e	Hüzzam Taksim	Süleyman Taşpınarlı	Kanuni
Suleyman_Taspnarl/Kanuni/06_Olmaz_Ilac_Sineyi_Sad_Pareme.mp3	0b7b0811-15f7-4a7e-99be-0c9950bce091	Olmaz İlaç Sineyi Sad Pareme	Süleyman Taşpınarlı	Kanuni
Suleyman_Taspnarl/Kanuni/07_Izmirin_Kavaklar.mp3	fd22f0d4-eca1-4271-b980-a22f9af41018	İzmir'in Kavakları	Süleyman Taşpınarlı	Kanuni
Suleyman_Taspnarl/Kanuni/08_Gelemem_Ben_Gidemem_Ben.mp3	0cd4b0f8-924e-4bcd-8ca1-ba73b242873d	"Gelemem Ben	 Gidemem Ben"	Süleyman Taşpınarlı	Kanuni
Suleyman_Taspnarl/Kanuni/09_Ussak_Taksim.mp3	f59a7faf-18fe-4a71-a706-4452a106534c	Uşşak Taksim	Süleyman Taşpınarlı	Kanuni
Suleyman_Taspnarl/Kanuni/10_Yalnz_Brakp_Gitme_Bu_Aksam.mp3	759cff5f-a6d5-4d7d-abcb-4a73b594710a	Yalnız Bırakıp Gitme Bu Akşam	Süleyman Taşpınarlı	Kanuni
Suleyman_Taspnarl/Kanuni/11_Bu_Aksam_Gun_Batarken_Gel.mp3	7802951a-58a9-486d-9c27-f5b17e99d8bb	Bu Akşam Gün Batarken Gel	Süleyman Taşpınarlı	Kanuni
Suleyman_Taspnarl/Kanuni/12_Havada_Bulut_Yok.mp3	ccbd99da-ae2c-4b4d-81c2-9af678390194	Havada Bulut Yok	Süleyman Taşpınarlı	Kanuni
Suleyman_Taspnarl/Kanuni/13_Koskum_Var_Deryaya_Kars_-_Rumeli_Turkusu.mp3	4f61899e-ac92-4513-89b6-6115d35caf81	Köşküm Var Deryaya Karşı - Rumeli Türküsü	Süleyman Taşpınarlı	Kanuni
Suleyman_Taspnarl/Kanuni/14_Kurdili_Hicazkar_Taksim.mp3	fb95a551-f535-4bfb-a7df-420e909949b1	Kürdili Hicazkar Taksim	Süleyman Taşpınarlı	Kanuni
Suleyman_Taspnarl/Kanuni/15_Her_Tel_Sac.mp3	ccbd12ad-f891-4278-b9a8-1c20fa2911a1	Her Tel Saçı	Süleyman Taşpınarlı	Kanuni
Suleyman_Taspnarl/Kanuni/16_Karsyakada_Izmirin_Gulu.mp3	bfd5e161-9172-441d-9dd7-008203a9fc7d	Karşıyaka'da İzmir'in Gülü	Süleyman Taşpınarlı	Kanuni
Suleyman_Taspnarl/Kanuni/17_Rast_Taksim.mp3	3a5f99dc-2559-42e4-97d0-16acc36c5209	Rast Taksim	Süleyman Taşpınarlı	Kanuni
Suleyman_Taspnarl/Kanuni/18_Yine_Bir_Gulnihal.mp3	4dee35a7-8061-4566-9c42-07a7e2000d66	Yine Bir Gülnihal	Süleyman Taşpınarlı	Kanuni
Suleyman_Taspnarl/Kanuni/19_Darldn_M_Cicim_Bana.mp3	e4412ad6-5c97-4302-9fab-e891c8c3a205	Darıldın Mı Cicim Bana	Süleyman Taşpınarlı	Kanuni
Taner_Demiralp/Tanbur/01_Ussak_Taksimi.mp3	35f78762-8894-48dd-bdd3-2151d2e4e327	Uşşak Taksimi	Taner Demiralp	Tanbur
Taner_Demiralp/Tanbur/02_Gamzedeyim_Deva_Bulamadm.mp3	03c06b25-e6c4-4bf1-a7e0-8424c97e1700	Gamzedeyim Deva Bulamadım	Taner Demiralp	Tanbur
Taner_Demiralp/Tanbur/03_Saba_Taksimi.mp3	25935bea-2b0b-4069-ae7d-876d9103f80a	Saba Taksimi	Taner Demiralp	Tanbur
Taner_Demiralp/Tanbur/04_Mendilimin_Yesili_(Aman_Doktor).mp3	109fa9b3-3553-4658-95f0-c8a5ba90de80	Mendilimin Yeşili (Aman Doktor)	Taner Demiralp	Tanbur
Taner_Demiralp/Tanbur/05_Rast_Taksimi.mp3	8a1844c1-345d-4f02-aa63-791da862fdab	Rast Taksimi	Taner Demiralp	Tanbur
Taner_Demiralp/Tanbur/06_Yine_Bir_Gulnihal.mp3	9b119b60-62a8-4333-8b02-36846c4f5120	Yine Bir Gülnihal	Taner Demiralp	Tanbur
Taner_Demiralp/Tanbur/07_Hicaz_Taksimi.mp3	6b034347-1dd3-4bf4-b4fc-30511798a3e4	Hicaz Taksimi	Taner Demiralp	Tanbur
Taner_Demiralp/Tanbur/08_Goctu_Kervan_(Ilahi).mp3	0fdc6688-497d-45a4-98de-bd3dff40a88a	Göçtü Kervan (İlahi)	Taner Demiralp	Tanbur
Yorgo_Bacanos/Yorgo_Bacanos'tan_Ud_Taksimleri/01_Mahur_Taksim.mp3	dea0c119-bb90-41ef-af87-c38dd877ab0e	Mahur Taksim	Udi Yorgo Bacanos	Yorgo Bacanos'tan Ud Taksimleri
Yorgo_Bacanos/Yorgo_Bacanos'tan_Ud_Taksimleri/02_Nihavend_Taksim.mp3	74825ce7-9653-4ddd-95f6-a4e09b87e181	Nihavend Taksim	Udi Yorgo Bacanos	Yorgo Bacanos'tan Ud Taksimleri
Yorgo_Bacanos/Yorgo_Bacanos'tan_Ud_Taksimleri/03_Ussak_Taksim.mp3	4a611071-c66a-44d2-8d21-4dbefa0882bd	Uşşak Taksim	Udi Yorgo Bacanos	Yorgo Bacanos'tan Ud Taksimleri
Yorgo_Bacanos/Yorgo_Bacanos'tan_Ud_Taksimleri/04_Hicaz_Taksim.mp3	dd518b4f-0092-4ed5-9bd8-88448b36e861	Hicaz Taksim	Udi Yorgo Bacanos	Yorgo Bacanos'tan Ud Taksimleri
Yorgo_Bacanos/Yorgo_Bacanos'tan_Ud_Taksimleri/05_Nisaburek_Taksim.mp3	29569946-3695-4a74-ac76-084e2afdc7e8	Nişaburek Taksim	Udi Yorgo Bacanos	Yorgo Bacanos'tan Ud Taksimleri
Yorgo_Bacanos/Yorgo_Bacanos'tan_Ud_Taksimleri/06_Saba_Taksim.mp3	b8fa620c-6476-4b2b-bb31-2771821a3a5d	Saba Taksim	Udi Yorgo Bacanos	Yorgo Bacanos'tan Ud Taksimleri
Yorgo_Bacanos/Yorgo_Bacanos'tan_Ud_Taksimleri/07_Suzinak_Taksim.mp3	15d8352f-a446-428e-8cba-83069744319e	Suzinak Taksim	Udi Yorgo Bacanos	Yorgo Bacanos'tan Ud Taksimleri
Yorgo_Bacanos/Yorgo_Bacanos'tan_Ud_Taksimleri/08_Rast_Taksim.mp3	134eb8c3-80a4-46ea-a941-bb49b70104fe	Rast Taksim	Udi Yorgo Bacanos	Yorgo Bacanos'tan Ud Taksimleri
Yorgo_Bacanos/Yorgo_Bacanos'tan_Ud_Taksimleri/09_Ussak_Taksim.mp3	7a500eca-6cf0-4822-86ca-57a0a0c878ed	Uşşak Taksim	Udi Yorgo Bacanos	Yorgo Bacanos'tan Ud Taksimleri
Yorgo_Bacanos/Yorgo_Bacanos'tan_Ud_Taksimleri/10_Hisarbuselik_Taksim.mp3	dbb42b74-3c3a-43e2-8036-c70e253d3f95	Hisarbuselik Taksim	Udi Yorgo Bacanos	Yorgo Bacanos'tan Ud Taksimleri
Yorgo_Bacanos/Yorgo_Bacanos'tan_Ud_Taksimleri/11_Buselik_Taksim.mp3	57b85161-0bed-4665-8b74-3e55668ed89e	Buselik Taksim	Udi Yorgo Bacanos	Yorgo Bacanos'tan Ud Taksimleri
Yorgo_Bacanos/Yorgo_Bacanos'tan_Ud_Taksimleri/12_Muhayyer_Taksim.mp3	2433d1e7-acd1-4c18-b205-76875b0d5b54	Muhayyer Taksim	Udi Yorgo Bacanos	Yorgo Bacanos'tan Ud Taksimleri
Yorgo_Bacanos/Yorgo_Bacanos'tan_Ud_Taksimleri/13_Rast_Taksim.mp3	25126d28-2d87-47e2-b03d-8b870d78aef9	Rast Taksim	Udi Yorgo Bacanos	Yorgo Bacanos'tan Ud Taksimleri
Yorgo_Bacanos/Yorgo_Bacanos'tan_Ud_Taksimleri/14_Suzinak_Taksim.mp3	4f474517-de8a-45af-bf83-f6385b47fca0	Suzinak Taksim	Udi Yorgo Bacanos	Yorgo Bacanos'tan Ud Taksimleri
Yorgo_Bacanos/Yorgo_Bacanos'tan_Ud_Taksimleri/15_Ussak_Taksim.mp3	b0c1c552-fa92-447a-9c6d-f4563d64f920	Uşşak Taksim	Udi Yorgo Bacanos	Yorgo Bacanos'tan Ud Taksimleri
Yorgo_Bacanos/Yorgo_Bacanos'tan_Ud_Taksimleri/16_Kurdilihicazkar_Taksim.mp3	ab37d0fc-7da2-45c5-bc41-aaeeb636d7ac	Kürdilihicazkâr Taksim	Udi Yorgo Bacanos	Yorgo Bacanos'tan Ud Taksimleri
Yorgo_Bacanos/Yorgo_Bacanos'tan_Ud_Taksimleri/17_Segah_Taksim.mp3	02efc72b-c856-41e2-9d61-9781f6953875	Segâh Taksim	Udi Yorgo Bacanos	Yorgo Bacanos'tan Ud Taksimleri
Yorgo_Bacanos/Yorgo_Bacanos'tan_Ud_Taksimleri/18_Muhayyer_Taksim.mp3	ae823708-fa5c-423e-a973-3bbcf0d60bfe	Muhayyer Taksim	Udi Yorgo Bacanos	Yorgo Bacanos'tan Ud Taksimleri
Yorgo_Bacanos/Yorgo_Bacanos'tan_Ud_Taksimleri/19_Selmek_Taksim.mp3	2e669a10-0992-464f-8a71-9af0827c1a90	Selmek Taksim	Udi Yorgo Bacanos	Yorgo Bacanos'tan Ud Taksimleri
Yorgo_Bacanos/Yorgo_Bacanos'tan_Ud_Taksimleri/20_Hicazkar_Taksim.mp3	04a69898-b1eb-4d7a-bb5e-406b10c9e416	Hicazkâr Taksim	Udi Yorgo Bacanos	Yorgo Bacanos'tan Ud Taksimleri
Yorgo_Bacanos/Yorgo_Bacanos'tan_Ud_Taksimleri/21_Rast_Taksim.mp3	97017855-f063-42e2-81aa-1d2f6e009e38	Rast Taksim	Udi Yorgo Bacanos	Yorgo Bacanos'tan Ud Taksimleri
Yorgo_Bacanos/Yorgo_Bacanos'tan_Ud_Taksimleri/22_Hicaz_Taksim.mp3	81a0e737-31b1-4a49-a532-4ad493c3afdf	Hicaz Taksim	Udi Yorgo Bacanos	Yorgo Bacanos'tan Ud Taksimleri
Yorgo_Bacanos/Yorgo_Bacanos'tan_Ud_Taksimleri/23_Nihavend_Taksim.mp3	edc0d663-431a-4971-b6f0-c336676e8261	Nihavend Taksim	Udi Yorgo Bacanos	Yorgo Bacanos'tan Ud Taksimleri
Zeki_Muren/Ayrldk_Iste/01_Ayrldk_Iste.mp3	4e133578-9c19-4ec2-982e-9ebc1aac84e5	Ayrıldık İşte	Zeki Müren	Ayrıldık İşte
Zeki_Muren/Ayrldk_Iste/02_Bir_Mektup_Bir_Resim.mp3	ea1cf4fc-81c9-4097-8a1f-54dd3073574f	Bir Mektup Bir Resim	Zeki Müren	Ayrıldık İşte
Zeki_Muren/Ayrldk_Iste/03_Hep_Sen_Varsn.mp3	3cfddcb6-1138-4af2-8db9-1a2fcdaaf493	Hep Sen Varsın	Zeki Müren	Ayrıldık İşte
Zeki_Muren/Ayrldk_Iste/04_Seni_Sordum_Yldzlara.mp3	d39cbfb2-a9cc-42cc-bb84-f0d2a96526be	Seni Sordum Yıldızlara	Zeki Müren	Ayrıldık İşte
Zeki_Muren/Ayrldk_Iste/05_Keder_Dolu_Her_Gunum.mp3	d7cda34c-d53f-49cc-8df5-f4f1710bba27	Keder Dolu Her Günüm	Zeki Müren	Ayrıldık İşte
Zeki_Muren/Ayrldk_Iste/06_Sastm_Allahm_da_Sastm_-_Mevlam_Bir_Cok_Dert_Vermis.mp3	b61bed3b-3413-43e9-8b4e-484f02ce65fc	Şaştım Allahım da Şaştım / Mevlam Bir Çok Dert Vermiş	Zeki Müren	Ayrıldık İşte
Zeki_Muren/Ayrldk_Iste/07_Gozlerin_Yeter.mp3	7cc57992-c580-4b92-8a5c-9130e6ef19c8	Gözlerin Yeter	Zeki Müren	Ayrıldık İşte
Zeki_Muren/Ayrldk_Iste/08_Gozyas_Bekleme.mp3	eb66b27c-8f67-48e6-a879-8e2e462c06a1	Gözyaşı Bekleme	Zeki Müren	Ayrıldık İşte
Zeki_Muren/Ayrldk_Iste/09_Kanmda_Kvlcm.mp3	5f211554-e60d-4ec1-8a7f-4d57bc5fe8a3	Kanımda Kıvılcım	Zeki Müren	Ayrıldık İşte
Zeki_Muren/Ayrldk_Iste/10_Bir_Sen_Bir_Ben_Bir_Allah_Bilir.mp3	c060f9a5-1b64-47d0-b846-4802f0727b6a	"Bir Sen	 Bir Ben	 Bir Allah Bilir"	Zeki Müren	Ayrıldık İşte
Zeki_Muren/Ayrldk_Iste/11_Aglams_Gulmusum.mp3	bed88704-fa01-473f-9698-32c83ca56550	Ağlamışım Gülmüşüm	Zeki Müren	Ayrıldık İşte
Zeki_Muren/Ayrldk_Iste/12_Seni_Senden_Istiyorum.mp3	7f36871a-4f63-4e75-8aae-58277395b698	Seni Senden İstiyorum	Zeki Müren	Ayrıldık İşte
Zeki_Muren/Batmayan_Gunes/01_Gozlerin_Doguyor_Gecelerime.mp3	1f2b3865-1528-438f-815d-3f5e26cf747d	Gözlerin Doğuyor Gecelerime	Zeki Müren	Batmayan Güneş
Zeki_Muren/Batmayan_Gunes/02_Sorma_Ne_Haldeyim.mp3	c5829fa1-f6f6-4e5d-9e05-289e8763146d	Sorma Ne Haldeyim	Zeki Müren	Batmayan Güneş
Zeki_Muren/Batmayan_Gunes/03_Belalm.mp3	8a03867d-4076-4bc3-b7ad-13935231a96d	Belalım	Zeki Müren	Batmayan Güneş
Zeki_Muren/Batmayan_Gunes/04_Ruzgar_Susmus_Ses_Vermiyor.mp3	73936879-71c9-4c96-bada-91dcb2f3cca9	Rüzgar Susmuş Ses Vermiyor	Zeki Müren	Batmayan Güneş
Zeki_Muren/Batmayan_Gunes/05_Dediler_Zamanla_Hep_Azalrms_Sevgiler.mp3	45e7165a-a42b-45d7-8eb4-5dac61218ed4	Dediler Zamanla Hep Azalırmış Sevgiler	Zeki Müren	Batmayan Güneş
Zeki_Muren/Batmayan_Gunes/06_Oyle_Ozledim_ki.mp3	dc30f3ab-65a2-4152-b2b5-fee3f3fae28f	Öyle Özledim ki	Zeki Müren	Batmayan Güneş
Zeki_Muren/Batmayan_Gunes/07_Uzme_Beni.mp3	2c68b034-09b6-4690-8f3a-f3f800265354	Üzme Beni	Zeki Müren	Batmayan Güneş
Zeki_Muren/Batmayan_Gunes/08_Dilek_Cesmesi_(Seni_Diledim).mp3	5797ff06-d3f3-4fc8-928e-76dab0b392c4	Dilek Çeşmesi (Seni Diledim)	Zeki Müren	Batmayan Güneş
Zeki_Muren/Batmayan_Gunes/09_Iki_Gozum_Iki_Cesme.mp3	f6cd71d9-cf36-4d14-a89c-f1b085227e1e	İki Gözüm İki Çeşme	Zeki Müren	Batmayan Güneş
Zeki_Muren/Batmayan_Gunes/10_Gayr_Dayanamam_Ben_Bu_Hasrete.mp3	2255d78b-ba42-4ecc-91db-422622928556	Gayrı Dayanamam Ben Bu Hasrete	Zeki Müren	Batmayan Güneş
Zeki_Muren/Batmayan_Gunes/11_Aksam_Olunca_Yarelerim_Szlar.mp3	932ebf35-5774-45c4-9dbc-523e100aee82	Akşam Olunca Yarelerim Sızlar	Zeki Müren	Batmayan Güneş
Zeki_Muren/Batmayan_Gunes/12_Sastm_Allahm_da_Sastm_(Maya).mp3	95e51635-44aa-4e37-9707-c1a8983af32c	Şaştım Allahım da Şaştım (Maya)	Zeki Müren	Batmayan Güneş
Zeki_Muren/Dilek_Cesmesi/01_Elveda.mp3	9b229d42-bccb-445b-b7c4-0e3de3ebe8c7	Elveda	Zeki Müren	Dilek Çeşmesi
Zeki_Muren/Dilek_Cesmesi/02_Dediler_Zamanla_Hep_(Olsun).mp3	d590c76f-f374-4772-bcba-2cc0660bb89c	Dediler Zamanla Hep Azalırmış Sevgiler (Olsun)	Zeki Müren	Dilek Çeşmesi
Zeki_Muren/Dilek_Cesmesi/03_Sana_Bir_Buse_Vermedim_Diye.mp3	966ecc51-b0dd-465c-ad06-8effb31c01ad	Sana Bir Buse Vermedim Diye	Zeki Müren	Dilek Çeşmesi
Zeki_Muren/Dilek_Cesmesi/04_Sevme_Beni.mp3	f867690f-94a2-40ee-9d38-625bc09dad13	Sevme Beni	Zeki Müren	Dilek Çeşmesi
Zeki_Muren/Dilek_Cesmesi/05_Belalm.mp3	cb9172ab-cb80-4c1b-b127-0de85a806b90	Belalım	Zeki Müren	Dilek Çeşmesi
Zeki_Muren/Dilek_Cesmesi/06_Ayrlk_(Azeri).mp3	52d8c8e1-0c37-4b15-83a0-9180be520b94	Ayrılık	Zeki Müren	Dilek Çeşmesi
Zeki_Muren/Dilek_Cesmesi/07_Oyle_Ozledim_ki.mp3	3637ed97-5351-4068-9a2e-7792dea9ae73	Öyle Özledim ki	Zeki Müren	Dilek Çeşmesi
Zeki_Muren/Dilek_Cesmesi/08_Dilek_Cesmesi.mp3	6d159288-ee08-4ab0-b564-4640d62dbc40	Dilek Çeşmesi	Zeki Müren	Dilek Çeşmesi
Zeki_Muren/Dilek_Cesmesi/09_Bir_Garip_Asgm_Ben.mp3	c62bcaed-b1e4-4077-9730-d704628dcce5	Bir Garip Aşığım Ben	Zeki Müren	Dilek Çeşmesi
Zeki_Muren/Dilek_Cesmesi/10_Gokyuzunde_Duman_Duman_Bulutsun.mp3	1d5e8d70-d71e-476d-b1a4-56ea68955623	Gökyüzünde Duman Duman Bulutsun	Zeki Müren	Dilek Çeşmesi
Zeki_Muren/Doruktaki_Nagmeler/01_Aksam_Olmadan_Gel.mp3	cd3df454-66eb-4b67-b5ee-512fa6cde628	Akşam Olmadan Gel	Zeki Müren	Doruktaki Nağmeler
Zeki_Muren/Doruktaki_Nagmeler/02_Boyle_Ayrlk_Olmaz.mp3	2b58c8ce-8c0a-459c-ad6c-1af7db39831d	Böyle Ayrılık Olmaz	Zeki Müren	Doruktaki Nağmeler
Zeki_Muren/Doruktaki_Nagmeler/03_Beni_Sevmeni_Istiyorum.mp3	0bc30253-3155-4f50-8aa4-cc791d774572	Beni Sevmeni İstiyorum	Zeki Müren	Doruktaki Nağmeler
Zeki_Muren/Doruktaki_Nagmeler/04_Sen_Sevgini_Bana_Sakla.mp3	3a084944-02e7-46b6-86eb-1a92e9c50eac	Sen Sevgini Bana Sakla	Zeki Müren	Doruktaki Nağmeler
Zeki_Muren/Doruktaki_Nagmeler/05_Karlar_Duser.mp3	31db0e9d-be9f-4778-b900-f47d982cf7f1	Karlar Düşer	Zeki Müren	Doruktaki Nağmeler
Zeki_Muren/Doruktaki_Nagmeler/06_Sende_Basn_Alp_Gitme.mp3	0b45b342-8b27-455d-afd1-d4f4b7ed9e0a	Sende Başını Alıp Gitme	Zeki Müren	Doruktaki Nağmeler
Zeki_Muren/Doruktaki_Nagmeler/07_Nereye_Gidiyorum.mp3	016ecfe8-49e9-488c-94d8-9c14c6073f8e	Nereye Gidiyorum	Zeki Müren	Doruktaki Nağmeler
Zeki_Muren/Doruktaki_Nagmeler/08_Gozum_Kesmiyor.mp3	91f13de6-e7b0-44d8-a4e6-43697e504c3f	Gözüm Kesmiyor	Zeki Müren	Doruktaki Nağmeler
Zeki_Muren/Doruktaki_Nagmeler/09_Icimdeki_Ozlemi.mp3	c3560bc3-6f75-443b-809f-d14cbfffdb47	İçimdeki Özlemi	Zeki Müren	Doruktaki Nağmeler
Zeki_Muren/Doruktaki_Nagmeler/10_Hava_Nasl_Oralarda.mp3	415099ee-c720-4020-92b8-4a5fd9e95e52	Hava Nasıl Oralarda	Zeki Müren	Doruktaki Nağmeler
Zeki_Muren/Gozlerin_Doguyor_Gecelerime/01_Gozlerin_Doguyor_Gecelerime.mp3	b12866c7-53ac-42b8-917b-144aa47d59a6	Gözlerin Doğuyor Gecelerime	Zeki Müren	Gözlerin Doğuyor Gecelerime
Zeki_Muren/Gozlerin_Doguyor_Gecelerime/02_Hicbir_Seyde_Gozum_Yok.mp3	c18b7db9-9d0e-4086-8508-74842826635b	Hiçbir Şeyde Gözüm Yok	Zeki Müren	Gözlerin Doğuyor Gecelerime
Zeki_Muren/Gozlerin_Doguyor_Gecelerime/03_O_Cesme.mp3	948cf4a6-10a4-4bf9-ae4a-06c4b571d5d4	O Çeşme	Zeki Müren	Gözlerin Doğuyor Gecelerime
Zeki_Muren/Gozlerin_Doguyor_Gecelerime/04_Anladm_Ki_Daha_Dolmams_Cilem.mp3	2344ae3b-8faf-434b-8b13-6874dda5f0cf	Anladım ki Daha Dolmamış Çilem	Zeki Müren	Gözlerin Doğuyor Gecelerime
Zeki_Muren/Gozlerin_Doguyor_Gecelerime/05_Beni_Kalbinde_Ara.mp3	cedea69b-50da-49f0-b66f-d39c0cb7a5a9	Beni Kalbinde Ara	Zeki Müren	Gözlerin Doğuyor Gecelerime
Zeki_Muren/Gozlerin_Doguyor_Gecelerime/06_Ne_Olur_Anla_Beni.mp3	c1108ec9-69ea-4425-85c9-b0ca60e13994	Ne Olur Anla Beni	Zeki Müren	Gözlerin Doğuyor Gecelerime
Zeki_Muren/Gozlerin_Doguyor_Gecelerime/07_Seviyorum_Iste_Var_m_Diyecegin.mp3	9c5cebe9-14e4-4b6c-8aad-eb52405f5ee6	Seviyorum İşte Var mı Diyeceğin	Zeki Müren	Gözlerin Doğuyor Gecelerime
Zeki_Muren/Gozlerin_Doguyor_Gecelerime/08_Gunlerdir_Icime_Coktu_Ayrlk.mp3	78eaff75-ab02-4bd8-81ae-ac67db158c41	Günlerdir İçime Çöktü Ayrılık	Zeki Müren	Gözlerin Doğuyor Gecelerime
Zeki_Muren/Gozlerin_Doguyor_Gecelerime/09_Neler_Ettin_Sen_Neler.mp3	fa1f7029-267b-4af5-a0c6-ed8efc4692d7	Neler Ettin Sen Neler	Zeki Müren	Gözlerin Doğuyor Gecelerime
Zeki_Muren/Gozlerin_Doguyor_Gecelerime/10_Sana_Olan_Ozlemim.mp3	a6aeb9f0-6efd-4206-992d-dd127ff479e8	Sana Olan Özlemim	Zeki Müren	Gözlerin Doğuyor Gecelerime
Zeki_Muren/Gozlerin_Doguyor_Gecelerime/11_Al_Mendilim.mp3	3bdce526-4088-42fd-a300-2960d088d005	Al Mendilim	Zeki Müren	Gözlerin Doğuyor Gecelerime
Zeki_Muren/Gozlerin_Doguyor_Gecelerime/12_Bir_Sabah_Istiyorum.mp3	8be8b44e-aa72-487b-8c92-0ce0d892d7b9	Bir Sabah İstiyorum	Zeki Müren	Gözlerin Doğuyor Gecelerime
Zeki_Muren/Gozlerin_Doguyor_Gecelerime/13_Gayri_Dayanamam_Ben_Bu_Hasrete.mp3	6929c662-f121-412b-b982-daf9a45f90dd	Gayri Dayanamam Ben Bu Hasrete	Zeki Müren	Gözlerin Doğuyor Gecelerime
Zeki_Muren/Gozlerin_Doguyor_Gecelerime/14_Aksam_Olunca_Yarelerim_Szlar.mp3	9ae478cf-4265-4686-9e21-c72604be66f2	Akşam Olunca Yarelerim Sızlar	Zeki Müren	Gözlerin Doğuyor Gecelerime
Zeki_Muren/Gozlerin_Doguyor_Gecelerime/15_Iste_Benim_Zeki_Muren.mp3	85af70ad-62f1-4597-a55b-4b479e602e65	Ben Zeki Müren	Zeki Müren	Gözlerin Doğuyor Gecelerime
Zeki_Muren/Sorma/01_Sorma.mp3	a6ded9a3-9893-4ab1-bfd1-07f26cc903df	Sorma	Zeki Müren	Sorma
Zeki_Muren/Sorma/02_Iki_Gozum_Iki_Cesme.mp3	bce710f8-1eb4-4063-a67b-31cc440ccbc7	İki Gözüm İki Çeşme	Zeki Müren	Sorma
Zeki_Muren/Sorma/03_Aglama_Sevdam.mp3	2bcaa652-bfe9-49e4-9a38-74fa1742e627	Ağlama Sevdam	Zeki Müren	Sorma
Zeki_Muren/Sorma/04_Isyanim_Var.mp3	27a01404-d0ad-4c9a-b87a-f8d4aca9fec8	İsyanim Var	Zeki Müren	Sorma
Zeki_Muren/Sorma/05_Sen_Benim_Ozledigim.mp3	12055135-94bf-4d5b-a4c4-741cbe7801f7	Sen Benim Özlediğim	Zeki Müren	Sorma
Zeki_Muren/Sorma/06_Kim_Gorecek_Kim_Bilecek.mp3	1e6a281b-554a-44da-8354-557909ceebb0	Kim Görecek Kim Bilecek	Zeki Müren	Sorma
Zeki_Muren/Sorma/07_Ne_Olursun.mp3	e9ee45c4-4b88-433d-96ce-7a413d6e92d7	Ne Olursun	Zeki Müren	Sorma
Zeki_Muren/Sorma/08_Ahm_Hicranm.mp3	0e3a9cf1-3f39-4bd9-9edb-1507fbb9aa6e	Ahımı Hicranımı	Zeki Müren	Sorma
Zeki_Muren/Sorma/09_Uzme_Beni.mp3	351f44bb-7d40-427f-89de-6a246c64b93f	Üzme Beni	Zeki Müren	Sorma
Zeki_Muren/Sorma/10_Kaderi_Ben_mi_Yarattm.mp3	44ac7c33-3a37-49f9-9658-cd4cdb31607d	Kaderi Ben Mi Yarattım	Zeki Müren	Sorma
Zeki_Muren/Sorma/11_Bitmez_Bu_Sarkilar.mp3	1a764d5a-ba27-43cd-abf6-dd313f2d7af0	Bitmez Bu Şarkilar	Zeki Müren	Sorma